REP,ROW,TREAT_NAME,TREE_NMBR,SPECIES,DATE,HT,DIAM,DATE,BROWSE Y/N,MORT Y/N,HT,DATE,BROWSE Y/N,MORT Y/N,VEXAR DAMAGE/FAILURE,HT,DATE,BROWSE Y/N,MORT Y/N,VEXAR DAMAGE/FAILURE ,HT,DIAM
HUMANN RESOURCES 2010,A,SS CTRL,1,SS,4/7/2015,45.72,5.08,4/23/2015,,,,6/2/2015,,,,54.864,8/17/2015,,,,66,5.16
HUMANN RESOURCES 2010,A,SS CTRL,2,SS,4/7/2015,44.196,3.048,4/23/2015,,,,6/2/2015,,,,53.086,8/17/2015,,Y,,62,4.91
HUMANN RESOURCES 2010,A,SS CTRL,3,SS,4/7/2015,38.608,4.064,4/23/2015,,,,6/2/2015,,,,46.736,8/17/2015,,Y,,51,5.48
HUMANN RESOURCES 2010,A,SS CTRL,4,SS,4/7/2015,46.736,4.826,4/23/2015,,,,6/2/2015,,,,55.88,8/17/2015,,,,66.8,6.95
HUMANN RESOURCES 2010,A,SS CTRL,5,SS,4/7/2015,49.022,4.826,4/23/2015,,,,6/2/2015,,,,49.784,8/17/2015,,Y,,53,5.87
HUMANN RESOURCES 2010,A,SS CTRL,6,SS,4/7/2015,33.02,4.572,4/23/2015,,,,6/2/2015,,,,38.354,8/17/2015,,Y,,43,6.22
HUMANN RESOURCES 2010,A,SS CTRL,7,SS,4/7/2015,45.72,3.81,4/23/2015,,,,6/2/2015,,,,54.61,8/17/2015,,Y,,60.5,6.12
HUMANN RESOURCES 2010,A,SS CTRL,8,SS,4/7/2015,39.878,3.81,4/23/2015,,,,6/2/2015,,,,43.18,8/17/2015,,Y,,48,5.63
HUMANN RESOURCES 2010,A,SS CTRL,9,SS,4/7/2015,40.894,4.318,4/23/2015,,,,6/2/2015,,,,51.308,8/17/2015,,Y,,58,5.03
HUMANN RESOURCES 2010,A,SS CTRL,10,SS,4/7/2015,40.894,4.572,4/23/2015,,,,6/2/2015,,,,48.006,8/17/2015,,Y,,54,4.26
HUMANN RESOURCES 2010,A,SS CTRL,11,SS,4/7/2015,38.608,4.064,4/23/2015,,,,6/2/2015,,,,52.832,8/17/2015,,,,63,5.34
HUMANN RESOURCES 2010,A,SS CTRL,12,SS,4/7/2015,38.862,4.826,4/23/2015,,,,6/2/2015,,,,46.228,8/17/2015,,Y,,55,5.26
HUMANN RESOURCES 2010,A,SS CTRL,13,SS,4/7/2015,36.576,3.302,4/23/2015,,,,6/2/2015,,,,46.736,8/17/2015,,Y,,56,4.38
HUMANN RESOURCES 2010,A,SS CTRL,14,SS,4/7/2015,39.116,4.826,4/23/2015,,,,6/2/2015,,,,52.07,8/17/2015,,Y,,59,5.31
HUMANN RESOURCES 2010,A,SS CTRL,15,SS,4/7/2015,39.878,4.318,4/23/2015,,,,6/2/2015,,,,49.276,8/17/2015,,Y,,54,5.1
HUMANN RESOURCES 2010,A,SS CTRL,16,SS,4/7/2015,38.608,4.318,4/23/2015,,,,6/2/2015,,,,39.37,8/17/2015,,,,44,5.37
HUMANN RESOURCES 2010,A,SS CTRL,17,SS,4/7/2015,38.862,4.572,4/23/2015,,,,6/2/2015,,,,48.061118,8/17/2015,,Y,,56,5.35
HUMANN RESOURCES 2010,A,SS CTRL,18,SS,4/7/2015,38.354,4.572,4/23/2015,,,,6/2/2015,,,,54.61,8/17/2015,,Y,,64,5.59
HUMANN RESOURCES 2010,A,SS CTRL,19,SS,4/7/2015,45.72,4.826,4/23/2015,,,,6/2/2015,,,,56.134,8/17/2015,,Y,,63,5.12
HUMANN RESOURCES 2010,A,SS CTRL,20,SS,4/7/2015,43.18,4.318,4/23/2015,,,,6/2/2015,,,,55.88,8/17/2015,,Y,,59,4.63
HUMANN RESOURCES 2010,B,PLANTSKYDD,1,WRC,4/7/2015,40.64,5.08,4/23/2015,,,,6/2/2015,,,,45.466,8/17/2015,Y,Y,,52,5.8
HUMANN RESOURCES 2010,B,PLANTSKYDD,2,WRC,4/7/2015,25.4,2.794,4/23/2015,,,,6/2/2015,,Y,,20.574,8/17/2015,Y,Y,,23,1.89
HUMANN RESOURCES 2010,B,PLANTSKYDD,3,WRC,4/7/2015,20.32,2.286,4/23/2015,,,,6/2/2015,,,,20.828,8/17/2015,,Y,,20.5,2.66
HUMANN RESOURCES 2010,B,PLANTSKYDD,4,WRC,4/7/2015,27.94,3.302,4/23/2015,,,,6/2/2015,,,,33.274,8/17/2015,Y,Y,,23,2.06
HUMANN RESOURCES 2010,B,PLANTSKYDD,5,WRC,4/7/2015,33.02,3.302,4/23/2015,,,,6/2/2015,,,,44.45,8/17/2015,,Y,,47,4.88
HUMANN RESOURCES 2010,B,PLANTSKYDD,6,WRC,4/7/2015,26.416,4.064,4/23/2015,,,,6/2/2015,,,,38.354,8/17/2015,,Y,,42.5,5.33
HUMANN RESOURCES 2010,B,PLANTSKYDD,7,WRC,4/7/2015,35.56,5.08,4/23/2015,,,,6/2/2015,,,,45.974,8/17/2015,,Y,,53,5.29
HUMANN RESOURCES 2010,B,PLANTSKYDD,8,WRC,4/7/2015,34.798,5.08,4/23/2015,,,,6/2/2015,,,,48.006,8/17/2015,,Y,,51,5.77
HUMANN RESOURCES 2010,B,PLANTSKYDD,9,WRC,4/7/2015,48.26,4.318,4/23/2015,,,,6/2/2015,,,,51.054,8/17/2015,,Y,,54,6.81
HUMANN RESOURCES 2010,B,PLANTSKYDD,10,WRC,4/7/2015,27.94,2.032,4/23/2015,,,,6/2/2015,,,,33.02,8/17/2015,,Y,,,
HUMANN RESOURCES 2010,B,PLANTSKYDD,11,WRC,4/7/2015,27.94,4.572,4/23/2015,,,,6/2/2015,,,,38.608,8/17/2015,,Y,,42,3.79
HUMANN RESOURCES 2010,B,PLANTSKYDD,12,WRC,4/7/2015,27.94,3.302,4/23/2015,,,,6/2/2015,,,,40.386,8/17/2015,,Y,,44,4.76
HUMANN RESOURCES 2010,B,PLANTSKYDD,13,WRC,4/7/2015,28.956,3.302,4/23/2015,,,,6/2/2015,,,,40.894,8/17/2015,,Y,,45,4.97
HUMANN RESOURCES 2010,B,PLANTSKYDD,14,WRC,4/7/2015,24.638,2.286,4/23/2015,,,,6/2/2015,,,,23.368,8/17/2015,,Y,,46,3.89
HUMANN RESOURCES 2010,B,PLANTSKYDD,15,WRC,4/7/2015,25.4,2.286,4/23/2015,,,,6/2/2015,,,,27.686,8/17/2015,,Y,,30.5,3.29
HUMANN RESOURCES 2010,B,PLANTSKYDD,16,WRC,4/7/2015,27.178,3.302,4/23/2015,,,,6/2/2015,,,,31.242,8/17/2015,,Y,,,
HUMANN RESOURCES 2010,B,PLANTSKYDD,17,WRC,4/7/2015,22.86,2.286,4/23/2015,,,,6/2/2015,,,,25.4,8/17/2015,,Y,,26,4.63
HUMANN RESOURCES 2010,B,PLANTSKYDD,18,WRC,4/7/2015,23.876,2.794,4/23/2015,,,,6/2/2015,,,,30.226,8/17/2015,,Y,,33,3.84
HUMANN RESOURCES 2010,B,PLANTSKYDD,19,WRC,4/7/2015,38.1,2.54,4/23/2015,,,,6/2/2015,,,,45.974,8/17/2015,,Y,,46,4.17
HUMANN RESOURCES 2010,B,PLANTSKYDD,20,WRC,4/7/2015,30.48,3.81,4/23/2015,,,,6/2/2015,,,,36.322,8/17/2015,,Y,,42,4.7
HUMANN RESOURCES 2010,C,VEXAR,1,WRC,4/7/2015,30.48,3.81,4/23/2015,,,,6/2/2015,,,,40.64,8/17/2015,,Y,Y,45,3.84
HUMANN RESOURCES 2010,C,VEXAR,2,WRC,4/7/2015,28.956,4.064,4/23/2015,,,,6/2/2015,,,,37.846,8/17/2015,,Y,,41,4.63
HUMANN RESOURCES 2010,C,VEXAR,3,WRC,4/7/2015,31.496,3.048,4/23/2015,,,,6/2/2015,,,,42.164,8/17/2015,,Y,,50,6.41
HUMANN RESOURCES 2010,C,VEXAR,4,WRC,4/7/2015,18.542,3.048,4/23/2015,,,,6/2/2015,,,,24.13,8/17/2015,,Y,Y,26,2.61
HUMANN RESOURCES 2010,C,VEXAR,5,WRC,4/7/2015,28.956,2.54,4/23/2015,,,,6/2/2015,,,,41.91,8/17/2015,,Y,,42,4.55
HUMANN RESOURCES 2010,C,VEXAR,6,WRC,4/7/2015,39.878,4.572,4/23/2015,,,,6/2/2015,,,,47.244,8/17/2015,,Y,,53,6.11
HUMANN RESOURCES 2010,C,VEXAR,7,WRC,4/7/2015,27.94,3.556,4/23/2015,,,,6/2/2015,,,,36.83,8/17/2015,,Y,,36,5.11
HUMANN RESOURCES 2010,C,VEXAR,8,WRC,4/7/2015,22.86,3.048,4/23/2015,,,,6/2/2015,,,,24.638,8/17/2015,,Y,,32,4.21
HUMANN RESOURCES 2010,C,VEXAR,9,WRC,4/7/2015,19.558,3.302,4/23/2015,,,,6/2/2015,,,,21.336,8/17/2015,,Y,,29,3.53
HUMANN RESOURCES 2010,C,VEXAR,10,WRC,4/7/2015,25.654,3.81,4/23/2015,,,,6/2/2015,,,,26.416,8/17/2015,,Y,,28,5.26
HUMANN RESOURCES 2010,C,VEXAR,11,WRC,4/7/2015,35.56,5.334,4/23/2015,,,,6/2/2015,,,,42.164,8/17/2015,,Y,,45,6.43
HUMANN RESOURCES 2010,C,VEXAR,12,WRC,4/7/2015,40.64,5.334,4/23/2015,,,,6/2/2015,,,,47.244,8/17/2015,,Y,,55,5.51
HUMANN RESOURCES 2010,C,VEXAR,13,WRC,4/7/2015,39.116,5.334,4/23/2015,,,,6/2/2015,,,,53.848,8/17/2015,,Y,,61,6.5
HUMANN RESOURCES 2010,C,VEXAR,14,WRC,4/7/2015,23.876,2.794,4/23/2015,,,,6/2/2015,,,,31.242,8/17/2015,,Y,,39,3.69
HUMANN RESOURCES 2010,C,VEXAR,15,WRC,4/7/2015,23.876,4.318,4/23/2015,,,,6/2/2015,,,,24.892,8/17/2015,,Y,,27,4.24
HUMANN RESOURCES 2010,C,VEXAR,16,WRC,4/7/2015,32.258,4.318,4/23/2015,,,,6/2/2015,,,,48.768,8/17/2015,,Y,,52,5.82
HUMANN RESOURCES 2010,C,VEXAR,17,WRC,4/7/2015,24.638,3.302,4/23/2015,,,,6/2/2015,,,,33.782,8/17/2015,,Y,,34,4.91
HUMANN RESOURCES 2010,C,VEXAR,18,WRC,4/7/2015,22.86,3.048,4/23/2015,,,,6/2/2015,,,,26.924,8/17/2015,,Y,,29,5.07
HUMANN RESOURCES 2010,C,VEXAR,19,WRC,4/7/2015,31.496,3.302,4/23/2015,,,,6/2/2015,,,,43.434,8/17/2015,,Y,,43,3.94
HUMANN RESOURCES 2010,C,VEXAR,20,WRC,4/7/2015,36.576,3.556,4/23/2015,,,,6/2/2015,,,,51.054,8/17/2015,,Y,,51,5.66
HUMANN RESOURCES 2010,D,CO-PLANTING,1,WRC,4/7/2015,23.114,3.556,4/23/2015,Y,,9.4,6/2/2015,Y,,,29.718,8/17/2015,Y,Y,,34,4.57
HUMANN RESOURCES 2010,D,CO-PLANTING,2,WRC,4/7/2015,21.336,3.81,4/23/2015,,,,6/2/2015,,,,27.686,8/17/2015,,Y,,34,3.34
HUMANN RESOURCES 2010,D,CO-PLANTING,3,WRC,4/7/2015,23.876,3.048,4/23/2015,,,,6/2/2015,,,,29.718,8/17/2015,,Y,,33,3.7
HUMANN RESOURCES 2010,D,CO-PLANTING,4,WRC,4/7/2015,31.496,3.556,4/23/2015,,,,6/2/2015,Y,,,25.146,8/17/2015,Y,Y,,29.5,7.27
HUMANN RESOURCES 2010,D,CO-PLANTING,5,WRC,4/7/2015,22.86,2.54,4/23/2015,,,,6/2/2015,,,,20.828,8/17/2015,,Y,,23,2.63
HUMANN RESOURCES 2010,D,CO-PLANTING,6,WRC,4/7/2015,30.48,3.556,4/23/2015,,,,6/2/2015,Y,,,38.354,8/17/2015,Y,,,49,5.05
HUMANN RESOURCES 2010,D,CO-PLANTING,7,WRC,4/7/2015,25.4,3.81,4/23/2015,,,,6/2/2015,Y,,,35.814,8/17/2015,Y,,,40.5,4.24
HUMANN RESOURCES 2010,D,CO-PLANTING,8,WRC,4/7/2015,18.796,2.286,4/23/2015,,,,6/2/2015,,,,25.4,8/17/2015,,Y,,26.5,2.88
HUMANN RESOURCES 2010,D,CO-PLANTING,9,WRC,4/7/2015,20.32,2.54,4/23/2015,,,,6/2/2015,,,,22.606,8/17/2015,,Y,,25,2.61
HUMANN RESOURCES 2010,D,CO-PLANTING,10,WRC,4/7/2015,28.956,3.556,4/23/2015,,,,6/2/2015,,,,31.496,8/17/2015,,Y,,32,3.78
HUMANN RESOURCES 2010,D,CO-PLANTING,11,WRC,4/7/2015,25.4,3.556,4/23/2015,,,,6/2/2015,,,,30.734,8/17/2015,,Y,,32,5.44
HUMANN RESOURCES 2010,D,CO-PLANTING,12,WRC,4/7/2015,26.416,3.048,4/23/2015,,,,6/2/2015,,,,35.052,8/17/2015,,Y,,35,3.18
HUMANN RESOURCES 2010,D,CO-PLANTING,13,WRC,4/7/2015,35.56,5.08,4/23/2015,,,,6/2/2015,,,,44.704,8/17/2015,,Y,,46,5.54
HUMANN RESOURCES 2010,D,CO-PLANTING,14,WRC,4/7/2015,43.18,4.064,4/23/2015,,,,6/2/2015,,,,53.34,8/17/2015,,Y,,56,4.67
HUMANN RESOURCES 2010,D,CO-PLANTING,15,WRC,4/7/2015,30.48,4.572,4/23/2015,,,,6/2/2015,,,,41.656,8/17/2015,,Y,,44,5.37
HUMANN RESOURCES 2010,D,CO-PLANTING,16,WRC,4/7/2015,22.86,3.048,4/23/2015,,,,6/2/2015,,,,22.86,8/17/2015,,Y,,23,2.12
HUMANN RESOURCES 2010,D,CO-PLANTING,17,WRC,4/7/2015,32.258,3.556,4/23/2015,Y,,17.018,6/2/2015,Y,,,22.606,8/17/2015,Y,Y,,25.5,4.85
HUMANN RESOURCES 2010,D,CO-PLANTING,18,WRC,4/7/2015,21.336,2.54,4/23/2015,Y,,19.304,6/2/2015,,,,25.654,8/17/2015,,Y,,27,2.92
HUMANN RESOURCES 2010,D,CO-PLANTING,19,WRC,4/7/2015,31.496,3.302,4/23/2015,Y,,15.24,6/2/2015,,Y,,23.368,8/17/2015,,Y,,17,3.63
HUMANN RESOURCES 2010,D,CO-PLANTING,20,WRC,4/7/2015,22.098,3.81,4/23/2015,Y,,16.002,6/2/2015,Y,,,20.574,8/17/2015,Y,Y,,22,2.62
HUMANN RESOURCES 2010,D,CO-PLANTING,1,SS,4/7/2015,38.1,4.826,4/23/2015,,,,6/2/2015,,,,53.34,8/17/2015,,Y,,61,4.71
HUMANN RESOURCES 2010,D,CO-PLANTING,2,SS,4/7/2015,41.656,4.064,4/23/2015,,,,6/2/2015,,,,50.292,8/17/2015,,Y,,60,4.59
HUMANN RESOURCES 2010,D,CO-PLANTING,3,SS,4/7/2015,31.496,5.842,4/23/2015,,,,6/2/2015,,,,42.164,8/17/2015,,Y,,52,5.99
HUMANN RESOURCES 2010,D,CO-PLANTING,4,SS,4/7/2015,34.036,4.064,4/23/2015,,,,6/2/2015,,,,41.91,8/17/2015,,Y,,44,4.25
HUMANN RESOURCES 2010,D,CO-PLANTING,5,SS,4/7/2015,46.736,4.2418,4/23/2015,,,,6/2/2015,,,,55.88,8/17/2015,,Y,,66,4.24
HUMANN RESOURCES 2010,D,CO-PLANTING,6,SS,4/7/2015,36.576,4.064,4/23/2015,,,,6/2/2015,,,,48.768,8/17/2015,,,,62,5.46
HUMANN RESOURCES 2010,D,CO-PLANTING,7,SS,4/7/2015,38.1,4.572,4/23/2015,,,,6/2/2015,,,,49.784,8/17/2015,,,,60,6.02
HUMANN RESOURCES 2010,D,CO-PLANTING,8,SS,4/7/2015,47.498,4.572,4/23/2015,,,,6/2/2015,,,,61.468,8/17/2015,,Y,,71,5.28
HUMANN RESOURCES 2010,D,CO-PLANTING,9,SS,4/7/2015,44.958,5.334,4/23/2015,,,,6/2/2015,,,,53.34,8/17/2015,,Y,,63.5,5.54
HUMANN RESOURCES 2010,D,CO-PLANTING,10,SS,4/7/2015,34.798,3.302,4/23/2015,,,,6/2/2015,,,,46.99,8/17/2015,,Y,,54,3.88
HUMANN RESOURCES 2010,D,CO-PLANTING,11,SS,4/7/2015,40.64,4.572,4/23/2015,,,,6/2/2015,,,,49.784,8/17/2015,,Y,,59,5.34
HUMANN RESOURCES 2010,D,CO-PLANTING,12,SS,4/7/2015,35.56,3.556,4/23/2015,,,,6/2/2015,,,,48.006,8/17/2015,,Y,,56,4.76
HUMANN RESOURCES 2010,D,CO-PLANTING,13,SS,4/7/2015,48.26,4.318,4/23/2015,,,,6/2/2015,,,,55.88,8/17/2015,,Y,,63,5.03
HUMANN RESOURCES 2010,D,CO-PLANTING,14,SS,4/7/2015,45.72,4.318,4/23/2015,,,,6/2/2015,,,,58.928,8/17/2015,,Y,,65,5.07
HUMANN RESOURCES 2010,D,CO-PLANTING,15,SS,4/7/2015,39.116,4.318,4/23/2015,,,,6/2/2015,,,,52.832,8/17/2015,,Y,,59,4.45
HUMANN RESOURCES 2010,D,CO-PLANTING,16,SS,4/7/2015,44.196,4.064,4/23/2015,,,,6/2/2015,,,,56.642,8/17/2015,,Y,,65,4.95
HUMANN RESOURCES 2010,D,CO-PLANTING,17,SS,4/7/2015,52.578,4.572,4/23/2015,,,,6/2/2015,,,,64.262,8/17/2015,,Y,,75,6.46
HUMANN RESOURCES 2010,D,CO-PLANTING,18,SS,4/7/2015,41.656,4.826,4/23/2015,,,,6/2/2015,,,,56.134,8/17/2015,,Y,,65.5,4.74
HUMANN RESOURCES 2010,D,CO-PLANTING,19,SS,4/7/2015,38.862,4.826,4/23/2015,,,,6/2/2015,,,,56.896,8/17/2015,,Y,,64.5,4.83
HUMANN RESOURCES 2010,D,CO-PLANTING,20,SS,4/7/2015,37.338,5.334,4/23/2015,,,,6/2/2015,,,,44.704,8/17/2015,,Y,,51,4.66
HUMANN RESOURCES 2010,E,WRC CTRL,1,WRC,4/7/2015,31.496,5.08,4/23/2015,,,,6/2/2015,,,,35.56,8/17/2015,,,,40,6.05
HUMANN RESOURCES 2010,E,WRC CTRL,2,WRC,4/7/2015,23.876,2.54,4/23/2015,,,,6/2/2015,,,,44.45,8/17/2015,,,,53,6.51
HUMANN RESOURCES 2010,E,WRC CTRL,3,WRC,4/7/2015,20.32,2.54,4/23/2015,,,,6/2/2015,,,,29.464,8/17/2015,,,,36,4.44
HUMANN RESOURCES 2010,E,WRC CTRL,4,WRC,4/7/2015,43.18,4.064,4/23/2015,,,,6/2/2015,,,,25.4,8/17/2015,,,,31,4.39
HUMANN RESOURCES 2010,E,WRC CTRL,5,WRC,4/7/2015,26.416,3.302,4/23/2015,,,,6/2/2015,Y,,,36.83,8/17/2015,Y,Y,,30,6.11
HUMANN RESOURCES 2010,E,WRC CTRL,6,WRC,4/7/2015,26.416,3.81,4/23/2015,,,,6/2/2015,Y,,,25.654,8/17/2015,Y,Y,,26,3.65
HUMANN RESOURCES 2010,E,WRC CTRL,7,WRC,4/7/2015,22.098,2.8448,4/23/2015,Y,,21.59,6/2/2015,Y,,,23.876,8/17/2015,Y,,,18.5,4.38
HUMANN RESOURCES 2010,E,WRC CTRL,8,WRC,4/7/2015,24.638,5.08,4/23/2015,,,,6/2/2015,Y,,,15.748,8/17/2015,Y,Y,,15,3.01
HUMANN RESOURCES 2010,E,WRC CTRL,9,WRC,4/7/2015,24.638,2.794,4/23/2015,,,,6/2/2015,,,,28.702,8/17/2015,Y,Y,,30,4.26
HUMANN RESOURCES 2010,E,WRC CTRL,10,WRC,4/7/2015,30.48,3.556,4/23/2015,Y,,22.352,6/2/2015,Y,,,26.416,8/17/2015,Y,Y,,30,5.29
HUMANN RESOURCES 2010,E,WRC CTRL,11,WRC,4/7/2015,25.4,3.556,4/23/2015,,,,6/2/2015,,,,30.48,8/17/2015,Y,Y,,32.5,3.92
HUMANN RESOURCES 2010,E,WRC CTRL,12,WRC,4/7/2015,22.86,4.064,4/23/2015,,,,6/2/2015,Y,,,33.528,8/17/2015,Y,Y,,34,3.7
HUMANN RESOURCES 2010,E,WRC CTRL,13,WRC,4/7/2015,21.336,2.286,4/23/2015,,,,6/2/2015,Y,,,13.208,8/17/2015,Y,Y,,12,2.71
HUMANN RESOURCES 2010,E,WRC CTRL,14,WRC,4/7/2015,21.336,2.286,4/23/2015,Y,,12.954,6/2/2015,Y,,,21.844,8/17/2015,Y,Y,,19,4.39
HUMANN RESOURCES 2010,E,WRC CTRL,15,WRC,4/7/2015,15.24,1.524,4/23/2015,,,,6/2/2015,,,,15.494,8/17/2015,,Y,,17,1.91
HUMANN RESOURCES 2010,E,WRC CTRL,16,WRC,4/7/2015,24.638,3.556,4/23/2015,Y,,15.24,6/2/2015,Y,,,21.844,8/17/2015,Y,Y,,24,4.6
HUMANN RESOURCES 2010,E,WRC CTRL,17,WRC,4/7/2015,23.368,4.318,4/23/2015,Y,,17.018,6/2/2015,Y,,,19.304,8/17/2015,Y,Y,,20,4.51
HUMANN RESOURCES 2010,E,WRC CTRL,18,WRC,4/7/2015,33.02,3.81,4/23/2015,Y,,20.066,6/2/2015,Y,,,15.494,8/17/2015,Y,Y,,15,4.14
HUMANN RESOURCES 2010,E,WRC CTRL,19,WRC,4/7/2015,22.86,3.556,4/23/2015,Y,,13.462,6/2/2015,Y,,,18.288,8/17/2015,Y,Y,,20,2.88
HUMANN RESOURCES 2010,E,WRC CTRL,20,WRC,4/7/2015,30.48,3.048,4/23/2015,Y,,25.4,6/2/2015,Y,,,38.1,8/17/2015,Y,Y,,42,3.5
HUMANN RESOURCES 2010,F,FENCE CTRL,1,WRC,4/7/2015,30.48,3.048,4/23/2015,,,,6/2/2015,,,,37.084,8/17/2015,,,,36,3.61
HUMANN RESOURCES 2010,F,FENCE CTRL,2,WRC,4/7/2015,34.036,4.572,4/23/2015,,,,6/2/2015,,,,55.118,8/17/2015,,,,59,7.95
HUMANN RESOURCES 2010,F,FENCE CTRL,3,WRC,4/7/2015,29.718,4.064,4/23/2015,,,,6/2/2015,,,,38.608,8/17/2015,,,,43,4.45
HUMANN RESOURCES 2010,F,FENCE CTRL,4,WRC,4/7/2015,24.638,4.826,4/23/2015,,,,6/2/2015,,,,38.1,8/17/2015,,Y,,40,4.47
HUMANN RESOURCES 2010,F,FENCE CTRL,5,WRC,4/7/2015,34.036,4.064,4/23/2015,,,,6/2/2015,,,,44.45,8/17/2015,,Y,,48,4.12
HUMANN RESOURCES 2010,F,FENCE CTRL,6,WRC,4/7/2015,22.86,4.318,4/23/2015,,,,6/2/2015,,,,29.972,8/17/2015,,Y,,31,3.75
HUMANN RESOURCES 2010,F,FENCE CTRL,7,WRC,4/7/2015,31.496,5.08,4/23/2015,,,,6/2/2015,,,,38.608,8/17/2015,,Y,,47,7.01
HUMANN RESOURCES 2010,F,FENCE CTRL,8,WRC,4/7/2015,30.48,3.302,4/23/2015,,,,6/2/2015,,,,36.83,8/17/2015,,Y,,32,4.32
HUMANN RESOURCES 2010,F,FENCE CTRL,9,WRC,4/7/2015,25.908,3.302,4/23/2015,,,,6/2/2015,,,,38.862,8/17/2015,,Y,,42,4.28
HUMANN RESOURCES 2010,F,FENCE CTRL,10,WRC,4/7/2015,35.56,3.556,4/23/2015,,,,6/2/2015,,,,46.482,8/17/2015,,Y,,53,4.91
HUMANN RESOURCES 2010,F,FENCE CTRL,11,WRC,4/7/2015,13.716,1.778,4/23/2015,,,,6/2/2015,,Y,,12.7,8/17/2015,,Y,,9,2.07
HUMANN RESOURCES 2010,F,FENCE CTRL,12,WRC,4/7/2015,30.48,3.556,4/23/2015,,,,6/2/2015,,,,42.164,8/17/2015,,Y,,45,5.44
HUMANN RESOURCES 2010,F,FENCE CTRL,13,WRC,4/7/2015,29.718,3.556,4/23/2015,,,,6/2/2015,,,,36.068,8/17/2015,,Y,,38,4.59
HUMANN RESOURCES 2010,F,FENCE CTRL,14,WRC,4/7/2015,17.78,2.032,4/23/2015,,,,6/2/2015,,,,20.574,8/17/2015,,Y,,21,2.42
HUMANN RESOURCES 2010,F,FENCE CTRL,15,WRC,4/7/2015,18.288,3.302,4/23/2015,,,,6/2/2015,,,,20.828,8/17/2015,,Y,,22,2.5
HUMANN RESOURCES 2010,F,FENCE CTRL,16,WRC,4/7/2015,25.4,4.064,4/23/2015,,,,6/2/2015,,,,33.528,8/17/2015,,Y,,37,4.36
HUMANN RESOURCES 2010,F,FENCE CTRL,17,WRC,4/7/2015,27.94,4.064,4/23/2015,,,,6/2/2015,,,,35.814,8/17/2015,,Y,,39,4.13
HUMANN RESOURCES 2010,F,FENCE CTRL,18,WRC,4/7/2015,33.02,4.064,4/23/2015,,,,6/2/2015,,,,39.624,8/17/2015,,Y,,42,4.22
HUMANN RESOURCES 2010,F,FENCE CTRL,19,WRC,4/7/2015,25.908,2.794,4/23/2015,,,,6/2/2015,,,,29.21,8/17/2015,,Y,,24,4.21
HUMANN RESOURCES 2010,F,FENCE CTRL,20,WRC,4/7/2015,31.496,4.064,4/23/2015,,,,6/2/2015,,,,39.624,8/17/2015,,Y,,44,5.23
CENTURY,A,VEXAR,1,WRC,4/4/2015,38.1,5.08,4/22/2015,,,,6/2/2015,,,,44.45,8/17/2015,,,,54,4.91
CENTURY,A,VEXAR,2,WRC,4/4/2015,33.02,4.064,4/22/2015,,,,6/2/2015,,,,40.894,8/17/2015,,,,57,5.8
CENTURY,A,VEXAR,3,WRC,4/4/2015,25.4,3.048,4/22/2015,,,,6/2/2015,,,,26.416,8/17/2015,,,,32,3.4
CENTURY,A,VEXAR,4,WRC,4/4/2015,24.13,3.81,4/22/2015,,,,6/2/2015,,,,34.544,8/17/2015,,,,52,5.4
CENTURY,A,VEXAR,5,WRC,4/4/2015,22.86,2.794,4/22/2015,,,,6/2/2015,,,,37.084,8/17/2015,,,,58,6.1
CENTURY,A,VEXAR,6,WRC,4/4/2015,33.274,3.302,4/22/2015,,,,6/2/2015,,,,43.18,8/17/2015,,,,52,5.3
CENTURY,A,VEXAR,7,WRC,4/4/2015,49.53,5.588,4/22/2015,,,,6/2/2015,,,,61.468,8/17/2015,,,,68,6.6
CENTURY,A,VEXAR,8,WRC,4/4/2015,31.242,3.048,4/22/2015,,,,6/2/2015,,,,38.608,8/17/2015,,,,55,5.1
CENTURY,A,VEXAR,9,WRC,4/4/2015,25.4,2.794,4/22/2015,,,,6/2/2015,,,,30.226,8/17/2015,,,,37,6
CENTURY,A,VEXAR,10,WRC,4/4/2015,22.86,2.286,4/22/2015,,,,6/2/2015,,,,26.924,8/17/2015,,,,29,3.1
CENTURY,A,VEXAR,11,WRC,4/4/2015,26.67,4.572,4/22/2015,,,,6/2/2015,,,,35.306,8/17/2015,,,,46,4.7
CENTURY,A,VEXAR,12,WRC,4/4/2015,33.02,6.096,4/22/2015,,,,6/2/2015,,,,35.814,8/17/2015,,,,46,5.3
CENTURY,A,VEXAR,13,WRC,4/4/2015,34.29,#VALUE!,4/22/2015,,,,6/2/2015,,,,42.164,8/17/2015,,,,59,5.3
CENTURY,A,VEXAR,14,WRC,4/4/2015,28.702,3.81,4/22/2015,,,,6/2/2015,,,,34.798,8/17/2015,,,,50,5.4
CENTURY,A,VEXAR,15,WRC,4/4/2015,36.322,5.334,4/22/2015,,,,6/2/2015,,,,44.196,8/17/2015,,,,65,6.6
CENTURY,A,VEXAR,16,WRC,4/4/2015,24.13,2.54,4/22/2015,,,,6/2/2015,,,,23.368,8/17/2015,,,,39,4.7
CENTURY,A,VEXAR,17,WRC,4/4/2015,23.876,3.048,4/22/2015,,,,6/2/2015,,,,26.924,8/17/2015,,,,28,3.9
CENTURY,A,VEXAR,18,WRC,4/4/2015,21.082,3.556,4/22/2015,,,,6/2/2015,,,,29.21,8/17/2015,,,Y,30,3.9
CENTURY,A,VEXAR,19,WRC,4/4/2015,24.13,3.302,4/22/2015,,,,6/2/2015,,,,28.448,8/17/2015,,,,29,3.1
CENTURY,A,VEXAR,20,WRC,4/4/2015,30.48,3.81,4/22/2015,,,,6/2/2015,,,,30.734,8/17/2015,,,,34,4.4
CENTURY,B,CO-PLANTING,1,WRC,4/4/2015,16.51,2.032,4/22/2015,,,,6/2/2015,,Y,,16.51,8/17/2015,,Y,,,
CENTURY,B,CO-PLANTING,2,WRC,4/4/2015,31.75,3.302,4/22/2015,,,,6/2/2015,,,,41.148,8/17/2015,,,,57,5.6
CENTURY,B,CO-PLANTING,3,WRC,4/4/2015,24.13,4.064,4/22/2015,,,,6/2/2015,,,,30.734,8/17/2015,,,,36,4.2
CENTURY,B,CO-PLANTING,4,WRC,4/4/2015,18.796,2.286,4/22/2015,,,,6/2/2015,,,,19.05,8/17/2015,,,,21,3.4
CENTURY,B,CO-PLANTING,5,WRC,4/4/2015,17.018,1.778,4/22/2015,Y,,10.16,6/2/2015,Y,,,14.224,8/17/2015,Y,,,15,2.8
CENTURY,B,CO-PLANTING,6,WRC,4/4/2015,25.4,3.048,4/22/2015,Y,,14.224,6/2/2015,Y,,,16.764,8/17/2015,Y,,,20,4.7
CENTURY,B,CO-PLANTING,7,WRC,4/4/2015,26.416,3.302,4/22/2015,,,,6/2/2015,,,,29.718,8/17/2015,,,,32,4.1
CENTURY,B,CO-PLANTING,8,WRC,4/4/2015,44.958,3.556,4/22/2015,,,,6/2/2015,Y,,,36.322,8/17/2015,Y,,,38,4.9
CENTURY,B,CO-PLANTING,9,WRC,4/4/2015,31.496,3.048,4/22/2015,,,,6/2/2015,,,,40.386,8/17/2015,Y,,,35,5.6
CENTURY,B,CO-PLANTING,10,WRC,4/4/2015,25.654,3.302,4/22/2015,,,,6/2/2015,,,,30.734,8/17/2015,,,,31,4.1
CENTURY,B,CO-PLANTING,11,WRC,4/4/2015,45.72,3.81,4/22/2015,,,,6/2/2015,,,,51.308,8/17/2015,Y,,,41,5.2
CENTURY,B,CO-PLANTING,12,WRC,4/4/2015,30.988,2.54,4/22/2015,Y,,21.082,6/2/2015,Y,,,22.352,8/17/2015,Y,,,26,4.3
CENTURY,B,CO-PLANTING,13,WRC,4/4/2015,24.13,3.048,4/22/2015,,,,6/2/2015,,,,19.304,8/17/2015,,,,28,2.3
CENTURY,B,CO-PLANTING,14,WRC,4/4/2015,50.038,3.048,4/22/2015,,,,6/2/2015,,,,58.674,8/17/2015,Y,,,65,6.3
CENTURY,B,CO-PLANTING,15,WRC,4/4/2015,35.814,3.81,4/22/2015,,,,6/2/2015,,,,39.37,8/17/2015,Y,,,36,6.4
CENTURY,B,CO-PLANTING,16,WRC,4/4/2015,31.496,5.08,4/22/2015,,,,6/2/2015,,,,40.64,8/17/2015,Y,,,33,5.4
CENTURY,B,CO-PLANTING,17,WRC,4/4/2015,27.178,2.286,4/22/2015,,,,6/2/2015,,,,31.496,8/17/2015,,,,34,41
CENTURY,B,CO-PLANTING,18,WRC,4/4/2015,36.576,3.302,4/22/2015,,,,6/2/2015,Y,,,19.05,8/17/2015,Y,,,22,3.8
CENTURY,B,CO-PLANTING,19,WRC,4/4/2015,33.02,5.08,4/22/2015,,,,6/2/2015,,,,40.64,8/17/2015,Y,,,31,5.4
CENTURY,B,CO-PLANTING,20,WRC,4/4/2015,34.036,4.572,4/22/2015,,,,6/2/2015,,,,41.91,8/17/2015,Y,,,28,5.3
CENTURY,B,CO-PLANTING,1,SS,4/4/2015,46.736,5.334,4/22/2015,,,,6/2/2015,,,,63.754,8/17/2015,,,,69,8.4
CENTURY,B,CO-PLANTING,2,SS,4/4/2015,37.084,3.302,4/22/2015,,,,6/2/2015,,,,45.72,8/17/2015,,,,52,5.6
CENTURY,B,CO-PLANTING,3,SS,4/4/2015,44.45,4.318,4/22/2015,,,,6/2/2015,,,,51.562,8/17/2015,,,,58,5.4
CENTURY,B,CO-PLANTING,4,SS,4/4/2015,44.196,4.826,4/22/2015,,,,6/2/2015,,,,52.578,8/17/2015,,,,54,6.4
CENTURY,B,CO-PLANTING,5,SS,4/4/2015,49.53,4.572,4/22/2015,,,,6/2/2015,,,,52.578,8/17/2015,,,,60,6.2
CENTURY,B,CO-PLANTING,6,SS,4/4/2015,45.72,4.064,4/22/2015,,,,6/2/2015,,,,52.324,8/17/2015,,,,58,5.9
CENTURY,B,CO-PLANTING,7,SS,4/4/2015,36.068,3.81,4/22/2015,,,,6/2/2015,,,,39.116,8/17/2015,,,,43,4.3
CENTURY,B,CO-PLANTING,8,SS,4/4/2015,50.8,4.318,4/22/2015,,,,6/2/2015,,,,50.8,8/17/2015,,,,49,5.5
CENTURY,B,CO-PLANTING,9,SS,4/4/2015,36.068,4.064,4/22/2015,,,,6/2/2015,,,,40.386,8/17/2015,,,,49,4.3
CENTURY,B,CO-PLANTING,10,SS,4/4/2015,44.45,3.556,4/22/2015,,,,6/2/2015,,,,46.736,8/17/2015,,,,47,5.1
CENTURY,B,CO-PLANTING,11,SS,4/4/2015,44.958,4.064,4/22/2015,,,,6/2/2015,,,,56.388,8/17/2015,,,,64,5.9
CENTURY,B,CO-PLANTING,12,SS,4/4/2015,50.8,4.064,4/22/2015,,,,6/2/2015,,,,52.07,8/17/2015,,,,60,6.4
CENTURY,B,CO-PLANTING,13,SS,4/4/2015,41.656,3.81,4/22/2015,,,,6/2/2015,,,,51.054,8/17/2015,,,,56,5.8
CENTURY,B,CO-PLANTING,14,SS,4/4/2015,51.816,4.064,4/22/2015,,,,6/2/2015,,,,51.562,8/17/2015,,,,54,6.2
CENTURY,B,CO-PLANTING,15,SS,4/4/2015,38.354,4.572,4/22/2015,,,,6/2/2015,,,,46.228,8/17/2015,,,,44,4.9
CENTURY,B,CO-PLANTING,16,SS,4/4/2015,40.64,5.334,4/22/2015,,,,6/2/2015,,,,49.53,8/17/2015,,,,57,5.8
CENTURY,B,CO-PLANTING,17,SS,4/4/2015,34.798,4.064,4/22/2015,,,,6/2/2015,,,,45.72,8/17/2015,,,,49,4.9
CENTURY,B,CO-PLANTING,18,SS,4/4/2015,47.498,5.08,4/22/2015,,,,6/2/2015,,,,54.61,8/17/2015,,,,60,6.5
CENTURY,B,CO-PLANTING,19,SS,4/4/2015,50.038,5.08,4/22/2015,,,,6/2/2015,,,,59.944,8/17/2015,,,,66,6.3
CENTURY,B,CO-PLANTING,20,SS,4/4/2015,38.608,3.81,4/22/2015,,,,6/2/2015,,,,41.91,8/17/2015,,,,44,5.1
CENTURY,C,PLANTSKYDD,1,WRC,4/4/2015,33.02,3.556,4/22/2015,,,,6/2/2015,,,,41.148,8/17/2015,,,,47,5.2
CENTURY,C,PLANTSKYDD,2,WRC,4/4/2015,28.956,2.794,4/22/2015,,,,6/2/2015,,,,30.988,8/17/2015,,Y,,35,2.3
CENTURY,C,PLANTSKYDD,3,WRC,4/4/2015,30.48,3.81,4/22/2015,,,,6/2/2015,,,,33.528,8/17/2015,,,,38,4.3
CENTURY,C,PLANTSKYDD,4,WRC,4/4/2015,26.416,3.302,4/22/2015,,,,6/2/2015,,,,39.37,8/17/2015,,,,34,5.8
CENTURY,C,PLANTSKYDD,5,WRC,4/4/2015,26.416,3.556,4/22/2015,,,,6/2/2015,,,,27.94,8/17/2015,,,,30,3.8
CENTURY,C,PLANTSKYDD,6,WRC,4/4/2015,28.448,3.81,4/22/2015,,,,6/2/2015,,,,32.004,8/17/2015,,,,32,4.2
CENTURY,C,PLANTSKYDD,7,WRC,4/4/2015,35.56,4.572,4/22/2015,,,,6/2/2015,,,,42.672,8/17/2015,Y,,,47,7.7
CENTURY,C,PLANTSKYDD,8,WRC,4/4/2015,38.608,5.588,4/22/2015,,,,6/2/2015,,,,46.99,8/17/2015,Y,,,50,7.2
CENTURY,C,PLANTSKYDD,9,WRC,4/4/2015,43.942,6.35,4/22/2015,,,,6/2/2015,,,,56.134,8/17/2015,Y,,,54,6.8
CENTURY,C,PLANTSKYDD,10,WRC,4/4/2015,34.036,3.302,4/22/2015,,,,6/2/2015,,,,41.91,8/17/2015,Y,,,45,7.8
CENTURY,C,PLANTSKYDD,11,WRC,4/4/2015,19.558,2.032,4/22/2015,,,,6/2/2015,,,,19.812,8/17/2015,,,,23,3.4
CENTURY,C,PLANTSKYDD,12,WRC,4/4/2015,18.796,3.302,4/22/2015,,,,6/2/2015,,Y,,12.7,8/17/2015,Y,Y,,,
CENTURY,C,PLANTSKYDD,13,WRC,4/4/2015,33.02,3.81,4/22/2015,,,,6/2/2015,,,,31.75,8/17/2015,Y,,,36,4.4
CENTURY,C,PLANTSKYDD,14,WRC,4/4/2015,16.256,2.794,4/22/2015,,,,6/2/2015,,,,20.32,8/17/2015,,,,24,3.2
CENTURY,C,PLANTSKYDD,15,WRC,4/4/2015,21.59,4.572,4/22/2015,,,,6/2/2015,,,,24.892,8/17/2015,,,,27,3.9
CENTURY,C,PLANTSKYDD,16,WRC,4/4/2015,26.416,3.048,4/22/2015,,,,6/2/2015,,,,32.512,8/17/2015,,,,29,5.4
CENTURY,C,PLANTSKYDD,17,WRC,4/4/2015,25.908,3.556,4/22/2015,,,,6/2/2015,,,,30.48,8/17/2015,,,,34,4.3
CENTURY,C,PLANTSKYDD,18,WRC,4/4/2015,20.32,2.286,4/22/2015,,,,6/2/2015,,,,21.59,8/17/2015,,,,24,4.5
CENTURY,C,PLANTSKYDD,19,WRC,4/4/2015,15.748,2.032,4/22/2015,,,,6/2/2015,,,,15.494,8/17/2015,,Y,,15,1.3
CENTURY,C,PLANTSKYDD,20,WRC,4/4/2015,21.336,4.826,4/22/2015,,,,6/2/2015,,,,25.654,8/17/2015,,,,24,3.8
CENTURY,D,WRC CTRL,1,WRC,4/4/2015,36.576,4.064,4/22/2015,,,,6/2/2015,,,,40.64,8/17/2015,,,,50,4.6
CENTURY,D,WRC CTRL,2,WRC,4/4/2015,53.848,5.334,4/22/2015,,,,6/2/2015,Y,,,37.084,8/17/2015,Y,,,43,5.6
CENTURY,D,WRC CTRL,3,WRC,4/4/2015,34.798,4.064,4/22/2015,,,,6/2/2015,,,,40.64,8/17/2015,Y,,,32,4.9
CENTURY,D,WRC CTRL,4,WRC,4/4/2015,34.798,3.048,4/22/2015,,,,6/2/2015,,,,36.576,8/17/2015,Y,,,20,4.4
CENTURY,D,WRC CTRL,5,WRC,4/4/2015,25.4,3.556,4/22/2015,,,,6/2/2015,,,,24.13,8/17/2015,,,,24,4.3
CENTURY,D,WRC CTRL,6,WRC,4/4/2015,30.48,4.064,4/22/2015,,,,6/2/2015,,,,35.814,8/17/2015,,,,43,4.4
CENTURY,D,WRC CTRL,7,WRC,4/4/2015,34.036,4.572,4/22/2015,,,,6/2/2015,,,,41.656,8/17/2015,Y,,,36,4.9
CENTURY,D,WRC CTRL,8,WRC,4/4/2015,43.688,4.826,4/22/2015,,,,6/2/2015,Y,,,43.18,8/17/2015,Y,,,39,6.8
CENTURY,D,WRC CTRL,9,WRC,4/4/2015,27.94,5.08,4/22/2015,,,,6/2/2015,,,,30.988,8/17/2015,Y,,,26,5.8
CENTURY,D,WRC CTRL,10,WRC,4/4/2015,30.48,4.318,4/22/2015,,,,6/2/2015,,,,38.1,8/17/2015,Y,,,21,5.3
CENTURY,D,WRC CTRL,11,WRC,4/4/2015,24.13,4.318,4/22/2015,,,,6/2/2015,,,,24.892,8/17/2015,Y,,,20,4.0
CENTURY,D,WRC CTRL,12,WRC,4/4/2015,31.75,3.556,4/22/2015,Y,,16.51,6/2/2015,Y,,,23.114,8/17/2015,Y,Y,,19,2.9
CENTURY,D,WRC CTRL,13,WRC,4/4/2015,21.59,3.302,4/22/2015,,,,6/2/2015,Y,,,19.304,8/17/2015,Y,,,19,4.3
CENTURY,D,WRC CTRL,14,WRC,4/4/2015,31.496,5.334,4/22/2015,Y,,19.05,6/2/2015,Y,,,26.67,8/17/2015,Y,,,29,4.9
CENTURY,D,WRC CTRL,15,WRC,4/4/2015,24.638,4.318,4/22/2015,Y,,13.97,6/2/2015,Y,,,19.812,8/17/2015,Y,,,16,3.4
CENTURY,D,WRC CTRL,16,WRC,4/4/2015,26.416,3.556,4/22/2015,Y,,19.558,6/2/2015,Y,,,25.654,8/17/2015,Y,,,15,3.6
CENTURY,D,WRC CTRL,17,WRC,4/4/2015,21.336,3.81,4/22/2015,,,,6/2/2015,Y,,,19.304,8/17/2015,Y,,,22,4.6
CENTURY,D,WRC CTRL,18,WRC,4/4/2015,21.082,2.54,4/22/2015,,,,6/2/2015,,,,32.766,8/17/2015,Y,,,36,4.4
CENTURY,D,WRC CTRL,19,WRC,4/4/2015,21.082,3.048,4/22/2015,,,,6/2/2015,Y,,,15.24,8/17/2015,Y,,,14,2.6
CENTURY,D,WRC CTRL,20,WRC,4/4/2015,26.162,3.302,4/22/2015,,,,6/2/2015,,,,32.512,8/17/2015,,,,34,4.6
CENTURY,E,SS CTRL,1,SS,4/4/2015,39.116,6.096,4/22/2015,,,,6/2/2015,,,,52.07,8/17/2015,,,,65,8
CENTURY,E,SS CTRL,2,SS,4/4/2015,48.26,5.334,4/22/2015,,,,6/2/2015,,,,57.15,8/17/2015,,,,61,7.3
CENTURY,E,SS CTRL,3,SS,4/4/2015,44.196,482.6,4/22/2015,,,,6/2/2015,,,,51.308,8/17/2015,,,,64,7.3
CENTURY,E,SS CTRL,4,SS,4/4/2015,52.07,5.588,4/22/2015,,,,6/2/2015,,,,66.04,8/17/2015,,,,83,8.2
CENTURY,E,SS CTRL,5,SS,4/4/2015,38.1,4.826,4/22/2015,,,,6/2/2015,,,,44.704,8/17/2015,,,,61,7.8
CENTURY,E,SS CTRL,6,SS,4/4/2015,36.576,4.064,4/22/2015,,,,6/2/2015,,,,45.72,8/17/2015,,,,52,5.3
CENTURY,E,SS CTRL,7,SS,4/4/2015,35.56,4.318,4/22/2015,,,,6/2/2015,,,,46.228,8/17/2015,,,,57,6.3
CENTURY,E,SS CTRL,8,SS,4/4/2015,43.18,6.096,4/22/2015,,,,6/2/2015,,,,48.006,8/17/2015,,,,61,6.7
CENTURY,E,SS CTRL,9,SS,4/4/2015,50.8,5.08,4/22/2015,,,,6/2/2015,,,,57.15,8/17/2015,,,,71,6.5
CENTURY,E,SS CTRL,10,SS,4/4/2015,45.72,6.604,4/22/2015,,,,6/2/2015,,,,54.61,8/17/2015,,,,73,7.6
CENTURY,E,SS CTRL,11,SS,4/4/2015,43.942,4.572,4/22/2015,,,,6/2/2015,,,,50.546,8/17/2015,,,,58,6.6
CENTURY,E,SS CTRL,12,SS,4/4/2015,40.64,7.112,4/22/2015,,,,6/2/2015,,,,52.578,8/17/2015,,,,57,6.2
CENTURY,E,SS CTRL,13,SS,4/4/2015,48.26,5.08,4/22/2015,,,,6/2/2015,,,,51.054,8/17/2015,,,,59,7.4
CENTURY,E,SS CTRL,14,SS,4/4/2015,49.53,5.08,4/22/2015,,,,6/2/2015,,,,58.42,8/17/2015,,,,67,6.6
CENTURY,E,SS CTRL,15,SS,4/4/2015,45.72,4.826,4/22/2015,,,,6/2/2015,,,,58.928,8/17/2015,,,,65,5.9
CENTURY,E,SS CTRL,16,SS,4/4/2015,45.72,4.826,4/22/2015,,,,6/2/2015,,,,58.166,8/17/2015,,,,63,6.6
CENTURY,E,SS CTRL,17,SS,4/4/2015,43.434,6.35,4/22/2015,,,,6/2/2015,,,,53.594,8/17/2015,,,,61,7.1
CENTURY,E,SS CTRL,18,SS,4/4/2015,38.1,6.604,4/22/2015,,,,6/2/2015,,,,56.134,8/17/2015,,,,66,6.6
CENTURY,E,SS CTRL,19,SS,4/4/2015,53.34,4.572,4/22/2015,,,,6/2/2015,,,,49.276,8/17/2015,,,,56,5.8
CENTURY,E,SS CTRL,20,SS,4/4/2015,40.64,3.302,4/22/2015,,,,6/2/2015,,,,62.23,8/17/2015,,,,64,7.7
CENTURY,F,FENCE CTRL,1,WRC,4/4/2015,34.798,3.556,4/22/2015,,,,6/2/2015,,,,40.64,8/17/2015,,,,53,6.4
CENTURY,F,FENCE CTRL,2,WRC,4/4/2015,33.274,2.286,4/22/2015,,,,6/2/2015,,,,39.37,8/17/2015,,,,46,4.4
CENTURY,F,FENCE CTRL,3,WRC,4/4/2015,29.718,3.302,4/22/2015,,,,6/2/2015,,,,38.354,8/17/2015,,,,56,6.1
CENTURY,F,FENCE CTRL,4,WRC,4/4/2015,41.91,4.064,4/22/2015,,,,6/2/2015,,,,55.626,8/17/2015,,,,51,6.3
CENTURY,F,FENCE CTRL,5,WRC,4/4/2015,26.67,3.048,4/22/2015,,,,6/2/2015,,,,33.274,8/17/2015,,,,42,5.6
CENTURY,F,FENCE CTRL,6,WRC,4/4/2015,23.368,3.556,4/22/2015,,,,6/2/2015,,,,25.4,8/17/2015,,,,33,5.3
CENTURY,F,FENCE CTRL,7,WRC,4/4/2015,39.37,3.81,4/22/2015,,,,6/2/2015,,,,45.72,8/17/2015,,,,45,6.7
CENTURY,F,FENCE CTRL,8,WRC,4/4/2015,29.464,2.54,4/22/2015,,,,6/2/2015,,,,29.972,8/17/2015,,,,36,1.9
CENTURY,F,FENCE CTRL,9,WRC,4/4/2015,30.48,2.54,4/22/2015,,,,6/2/2015,,,,30.48,8/17/2015,,Y,,28,2.4
CENTURY,F,FENCE CTRL,10,WRC,4/4/2015,25.908,4.826,4/22/2015,,,,6/2/2015,,,,28.448,8/17/2015,,,,33,6.9
CENTURY,F,FENCE CTRL,11,WRC,4/4/2015,24.638,3.048,4/22/2015,,,,6/2/2015,,,,26.416,8/17/2015,,,,26,3.4
CENTURY,F,FENCE CTRL,12,WRC,4/4/2015,19.05,4.318,4/22/2015,,,,6/2/2015,,,,24.384,8/17/2015,,,,26,4.6
CENTURY,F,FENCE CTRL,13,WRC,4/4/2015,15.494,2.794,4/22/2015,,,,6/2/2015,,,,19.812,8/17/2015,,,,29,4.1
CENTURY,F,FENCE CTRL,14,WRC,4/4/2015,33.02,3.048,4/22/2015,,,,6/2/2015,,,,34.29,8/17/2015,,,,45,5.8
CENTURY,F,FENCE CTRL,15,WRC,4/4/2015,24.638,4.318,4/22/2015,,,,6/2/2015,,,,27.94,8/17/2015,,,,27,6.5
CENTURY,F,FENCE CTRL,16,WRC,4/4/2015,22.098,3.048,4/22/2015,,,,6/2/2015,,,,22.86,8/17/2015,,,,28,5.4
CENTURY,F,FENCE CTRL,17,WRC,4/4/2015,25.908,2.794,4/22/2015,,,,6/2/2015,,,,30.734,8/17/2015,,,,35,7.7
CENTURY,F,FENCE CTRL,18,WRC,4/4/2015,31.75,4.064,4/22/2015,,,,6/2/2015,,,,34.798,8/17/2015,,,,40,7.2
CENTURY,F,FENCE CTRL,19,WRC,4/4/2015,40.64,2.794,4/22/2015,,,,6/2/2015,,,,41.148,8/17/2015,,,,44,7.1
CENTURY,F,FENCE CTRL,20,WRC,4/4/2015,25.4,2.794,4/22/2015,,,,6/2/2015,,Y,,22.098,8/17/2015,,Y,,20,2.1
1000 SWITCHBACK,A,SS CTRL,1,SS,4/2/2015,41.91,5.08,4/10/2015,,,,6/2/2015,,,,53.594,8/17/2015,,,,60,6.18
1000 SWITCHBACK,A,SS CTRL,2,SS,4/2/2015,38.1,4.826,4/10/2015,,,,6/2/2015,,,,48.006,8/17/2015,,,,53,7.64
1000 SWITCHBACK,A,SS CTRL,3,SS,4/2/2015,52.07,5.842,4/10/2015,,,,6/2/2015,,,,63.246,8/17/2015,,,,74,9.09
1000 SWITCHBACK,A,SS CTRL,4,SS,4/2/2015,48.514,4.826,4/10/2015,,,,6/2/2015,,,,51.816,8/17/2015,,,,57,7.25
1000 SWITCHBACK,A,SS CTRL,5,SS,4/2/2015,40.132,3.81,4/10/2015,,,,6/2/2015,,,,52.07,8/17/2015,,,,59,6.81
1000 SWITCHBACK,A,SS CTRL,6,SS,4/2/2015,43.18,4.826,4/10/2015,,,,6/2/2015,,,,53.34,8/17/2015,,,,62,8.23
1000 SWITCHBACK,A,SS CTRL,7,SS,4/2/2015,48.514,5.588,4/10/2015,,,,6/2/2015,,,,57.15,8/17/2015,,,,63,8.55
1000 SWITCHBACK,A,SS CTRL,8,SS,4/2/2015,50.292,4.826,4/10/2015,,,,6/2/2015,,,,58.42,8/17/2015,,,,66,8.38
1000 SWITCHBACK,A,SS CTRL,9,SS,4/2/2015,49.276,4.572,4/10/2015,,,,6/2/2015,,,,60.96,8/17/2015,,,,67,6.9
1000 SWITCHBACK,A,SS CTRL,10,SS,4/2/2015,44.45,4.318,4/10/2015,,,,6/2/2015,,,,50.292,8/17/2015,,,,56,6.38
1000 SWITCHBACK,A,SS CTRL,11,SS,4/2/2015,45.72,4.064,4/10/2015,,,,6/2/2015,,,,52.324,8/17/2015,,,,60.5,7.45
1000 SWITCHBACK,A,SS CTRL,12,SS,4/2/2015,44.45,4.318,4/10/2015,,,,6/2/2015,,,,55.626,8/17/2015,,,,63,6.84
1000 SWITCHBACK,A,SS CTRL,13,SS,4/2/2015,45.72,3.81,4/10/2015,,,,6/2/2015,,,,50.546,8/17/2015,,,,62,6.86
1000 SWITCHBACK,A,SS CTRL,14,SS,4/2/2015,44.45,5.08,4/10/2015,,,,6/2/2015,,,,49.022,8/17/2015,,,,53,6.99
1000 SWITCHBACK,A,SS CTRL,15,SS,4/2/2015,43.942,5.08,4/10/2015,,,,6/2/2015,,,,51.562,8/17/2015,,,,59,7.6
1000 SWITCHBACK,A,SS CTRL,16,SS,4/2/2015,49.53,4.318,4/10/2015,,,,6/2/2015,,,,57.912,8/17/2015,,,,67,6.36
1000 SWITCHBACK,A,SS CTRL,17,SS,4/2/2015,50.8,4.826,4/10/2015,,,,6/2/2015,,,,58.166,8/17/2015,,,,65,9.5
1000 SWITCHBACK,A,SS CTRL,18,SS,4/2/2015,41.402,4.064,4/10/2015,,,,6/2/2015,,,,50.546,8/17/2015,,,,57,8.15
1000 SWITCHBACK,A,SS CTRL,19,SS,4/2/2015,46.482,4.064,4/10/2015,,,,6/2/2015,,,,55.626,8/17/2015,,,,65,8.18
1000 SWITCHBACK,A,SS CTRL,20,SS,4/2/2015,47.752,4.826,4/10/2015,,,,6/2/2015,,,,46.736,8/17/2015,,,,57,8.89
1000 SWITCHBACK,B,CO-PLANTING,1,WRC,4/2/2015,43.18,10.668,4/10/2015,,,,6/2/2015,Y,,,45.974,8/17/2015,Y,Y,,63,7.47
1000 SWITCHBACK,B,CO-PLANTING,2,WRC,4/2/2015,38.354,4.826,4/10/2015,,,,6/2/2015,Y,,,43.942,8/17/2015,,,,58,5.96
1000 SWITCHBACK,B,CO-PLANTING,3,WRC,4/2/2015,51.816,4.826,4/10/2015,,,,6/2/2015,Y,,,53.594,8/17/2015,,,,56,6.11
1000 SWITCHBACK,B,CO-PLANTING,4,WRC,4/2/2015,27.432,3.302,4/10/2015,,,,6/2/2015,,,,34.798,8/17/2015,,,,59,5.66
1000 SWITCHBACK,B,CO-PLANTING,5,WRC,4/2/2015,51.562,4.826,4/10/2015,,,,6/2/2015,Y,,,58.928,8/17/2015,,,,40,7.58
1000 SWITCHBACK,B,CO-PLANTING,6,WRC,4/2/2015,35.814,3.302,4/10/2015,,,,6/2/2015,,,,46.228,8/17/2015,,,,51,6.04
1000 SWITCHBACK,B,CO-PLANTING,7,WRC,4/2/2015,32.512,3.556,4/10/2015,,,,6/2/2015,,,,38.354,8/17/2015,,,,50,6.71
1000 SWITCHBACK,B,CO-PLANTING,8,WRC,4/2/2015,22.86,3.048,4/10/2015,,,,6/2/2015,,,,29.464,8/17/2015,,,,31,4.46
1000 SWITCHBACK,B,CO-PLANTING,9,WRC,4/2/2015,48.514,4.318,4/10/2015,,,,6/2/2015,Y,,,53.34,8/17/2015,Y,,,57,6.12
1000 SWITCHBACK,B,CO-PLANTING,10,WRC,4/2/2015,34.29,3.302,4/10/2015,,,,6/2/2015,,,,33.274,8/17/2015,,,,37,6.42
1000 SWITCHBACK,B,CO-PLANTING,11,WRC,4/2/2015,41.91,4.318,4/10/2015,,,,6/2/2015,,,,42.672,8/17/2015,,,,38,7.02
1000 SWITCHBACK,B,CO-PLANTING,12,WRC,4/2/2015,29.21,3.048,4/10/2015,,,,6/2/2015,,,,28.956,8/17/2015,,,,40,5.44
1000 SWITCHBACK,B,CO-PLANTING,13,WRC,4/2/2015,32.004,3.556,4/10/2015,,,,6/2/2015,,,,36.83,8/17/2015,,,,44,6.12
1000 SWITCHBACK,B,CO-PLANTING,14,WRC,4/2/2015,22.86,3.302,4/10/2015,,,,6/2/2015,,,,24.384,8/17/2015,,,,22,3.67
1000 SWITCHBACK,B,CO-PLANTING,15,WRC,4/2/2015,34.29,4.064,4/10/2015,,,,6/2/2015,,,,36.068,8/17/2015,Y,,,42,6.93
1000 SWITCHBACK,B,CO-PLANTING,16,WRC,4/2/2015,45.72,6.096,4/10/2015,,,,6/2/2015,,,,51.054,8/17/2015,,,,51,7.42
1000 SWITCHBACK,B,CO-PLANTING,17,WRC,4/2/2015,26.67,4.064,4/10/2015,,,,6/2/2015,,,,29.21,8/17/2015,Y,,,34,5.39
1000 SWITCHBACK,B,CO-PLANTING,18,WRC,4/2/2015,22.352,2.54,4/10/2015,,,,6/2/2015,,,,22.098,8/17/2015,,,,21,3.04
1000 SWITCHBACK,B,CO-PLANTING,19,WRC,4/2/2015,37.592,2.8194,4/10/2015,,,,6/2/2015,Y,,,38.608,8/17/2015,Y,,,45,5.36
1000 SWITCHBACK,B,CO-PLANTING,20,WRC,4/2/2015,20.32,2.286,4/10/2015,,,,6/2/2015,,Y,49.67732,19.558,8/17/2015,,,,13,2.34
1000 SWITCHBACK,B,CO-PLANTING,1,SS,4/2/2015,42.672,2.54,4/10/2015,,,,6/2/2015,,,,49.53,8/17/2015,,,,58,7.04
1000 SWITCHBACK,B,CO-PLANTING,2,SS,4/2/2015,43.18,2.794,4/10/2015,,,,6/2/2015,,,,53.848,8/17/2015,,,,66,8.34
1000 SWITCHBACK,B,CO-PLANTING,3,SS,4/2/2015,46.99,4.318,4/10/2015,,,,6/2/2015,,,,54.864,8/17/2015,,,,62,6.57
1000 SWITCHBACK,B,CO-PLANTING,4,SS,4/2/2015,41.402,4.572,4/10/2015,,,,6/2/2015,,,,51.562,8/17/2015,,,,59,8.66
1000 SWITCHBACK,B,CO-PLANTING,5,SS,4/2/2015,49.276,4.064,4/10/2015,,,,6/2/2015,,,,50.292,8/17/2015,,,,58.5,7.17
1000 SWITCHBACK,B,CO-PLANTING,6,SS,4/2/2015,44.45,5.588,4/10/2015,,,,6/2/2015,,,,56.388,8/17/2015,,,,71,7.14
1000 SWITCHBACK,B,CO-PLANTING,7,SS,4/2/2015,39.37,4.572,4/10/2015,,,,6/2/2015,,,,48.006,8/17/2015,,,,54,6.12
1000 SWITCHBACK,B,CO-PLANTING,8,SS,4/2/2015,52.324,5.08,4/10/2015,,,,6/2/2015,,,,62.23,8/17/2015,,,,66,7.43
1000 SWITCHBACK,B,CO-PLANTING,9,SS,4/2/2015,45.974,4.572,4/10/2015,,,,6/2/2015,,,,52.832,8/17/2015,,,,65,6.96
1000 SWITCHBACK,B,CO-PLANTING,10,SS,4/2/2015,43.942,4.826,4/10/2015,,,,6/2/2015,,,,47.752,8/17/2015,,,,55,7.05
1000 SWITCHBACK,B,CO-PLANTING,11,SS,4/2/2015,40.894,4.318,4/10/2015,,,,6/2/2015,,,,48.768,8/17/2015,,,,51,6.29
1000 SWITCHBACK,B,CO-PLANTING,12,SS,4/2/2015,44.45,3.81,4/10/2015,,,,6/2/2015,,,,55.626,8/17/2015,,,,72,8.33
1000 SWITCHBACK,B,CO-PLANTING,13,SS,4/2/2015,38.1,3.81,4/10/2015,,,,6/2/2015,,,,42.926,8/17/2015,,,,48,6.63
1000 SWITCHBACK,B,CO-PLANTING,14,SS,4/2/2015,35.56,4.572,4/10/2015,,,,6/2/2015,,,,45.466,8/17/2015,,,,52,6.84
1000 SWITCHBACK,B,CO-PLANTING,15,SS,4/2/2015,41.402,4.064,4/10/2015,,,,6/2/2015,,,,56.388,8/17/2015,,,,64,6.63
1000 SWITCHBACK,B,CO-PLANTING,16,SS,4/2/2015,51.562,4.3688,4/10/2015,,,,6/2/2015,,,,61.722,8/17/2015,,,,63,6.24
1000 SWITCHBACK,B,CO-PLANTING,17,SS,4/2/2015,37.084,3.302,4/10/2015,,,,6/2/2015,,,,40.64,8/17/2015,,,,50,9.36
1000 SWITCHBACK,B,CO-PLANTING,18,SS,4/2/2015,34.544,4.318,4/10/2015,,,,6/2/2015,,,,35.56,8/17/2015,,,,38,5.75
1000 SWITCHBACK,B,CO-PLANTING,19,SS,4/2/2015,44.704,3.81,4/10/2015,,,,6/2/2015,,,,49.53,8/17/2015,,,,53,5.79
1000 SWITCHBACK,B,CO-PLANTING,20,SS,4/2/2015,40.64,4.318,4/10/2015,,,,6/2/2015,,,,42.164,8/17/2015,,,,47,6.84
1000 SWITCHBACK,C,WRC CTRL,1,WRC,4/2/2015,36.322,6.096,4/10/2015,,,,6/2/2015,,,,41.91,8/17/2015,,,,52,7.85
1000 SWITCHBACK,C,WRC CTRL,2,WRC,4/2/2015,31.242,3.81,4/10/2015,,,,6/2/2015,,,,36.322,8/17/2015,,,,40,4.86
1000 SWITCHBACK,C,WRC CTRL,3,WRC,4/2/2015,46.482,4.826,4/10/2015,,,,6/2/2015,Y,,,40.64,8/17/2015,Y,,,47,6.81
1000 SWITCHBACK,C,WRC CTRL,4,WRC,4/2/2015,43.942,5.842,4/10/2015,,,,6/2/2015,,,,50.8,8/17/2015,,,,66,8.25
1000 SWITCHBACK,C,WRC CTRL,5,WRC,4/2/2015,34.29,4.826,4/10/2015,,,,6/2/2015,Y,,,41.91,8/17/2015,Y,,,47.5,7.26
1000 SWITCHBACK,C,WRC CTRL,6,WRC,4/2/2015,21.082,533.4,4/10/2015,,,,6/2/2015,,,,23.114,8/17/2015,Y,Y,,15,2.32
1000 SWITCHBACK,C,WRC CTRL,7,WRC,4/2/2015,26.162,3.556,4/10/2015,,,,6/2/2015,,,,29.21,8/17/2015,Y,Y,,20,3.81
1000 SWITCHBACK,C,WRC CTRL,8,WRC,4/2/2015,24.13,3.81,4/10/2015,,,,6/2/2015,,,,23.876,8/17/2015,,,,30,5.47
1000 SWITCHBACK,C,WRC CTRL,9,WRC,4/2/2015,33.02,2.794,4/10/2015,,,,6/2/2015,,,,35.814,8/17/2015,Y,,,29,5.66
1000 SWITCHBACK,C,WRC CTRL,10,WRC,4/2/2015,40.894,5.588,4/10/2015,,,,6/2/2015,,,,45.72,8/17/2015,Y,,,42,7.29
1000 SWITCHBACK,C,WRC CTRL,11,WRC,4/2/2015,26.67,2.54,4/10/2015,,,,6/2/2015,,,,30.48,8/17/2015,Y,,,22,5.32
1000 SWITCHBACK,C,WRC CTRL,12,WRC,4/2/2015,44.45,4.826,4/10/2015,,,,6/2/2015,,,,46.99,8/17/2015,,,,57,7.5
1000 SWITCHBACK,C,WRC CTRL,13,WRC,4/2/2015,26.162,3.048,4/10/2015,,,,6/2/2015,,,,31.242,8/17/2015,Y,,,34,6.95
1000 SWITCHBACK,C,WRC CTRL,14,WRC,4/2/2015,22.86,2.286,4/10/2015,,,,6/2/2015,,,,21.844,8/17/2015,Y,,,19,2.36
1000 SWITCHBACK,C,WRC CTRL,15,WRC,4/2/2015,24.892,2.54,4/10/2015,,,,6/2/2015,Y,,,21.844,8/17/2015,,,,35,4.33
1000 SWITCHBACK,C,WRC CTRL,16,WRC,4/2/2015,28.702,3.556,4/10/2015,,,,6/2/2015,Y,,,28.448,8/17/2015,,,,40,7.02
1000 SWITCHBACK,C,WRC CTRL,17,WRC,4/2/2015,29.718,5.334,4/10/2015,,,,6/2/2015,Y,,,30.988,8/17/2015,,,,57,8.82
1000 SWITCHBACK,C,WRC CTRL,18,WRC,4/2/2015,30.48,2.794,4/10/2015,,,,6/2/2015,,,,34.29,8/17/2015,,,,49,5.29
1000 SWITCHBACK,C,WRC CTRL,19,WRC,4/2/2015,28.194,2.794,4/10/2015,,,,6/2/2015,,,,29.718,8/17/2015,,,,36,5.2
1000 SWITCHBACK,C,WRC CTRL,20,WRC,4/2/2015,22.86,2.032,4/10/2015,,,,6/2/2015,Y,,,26.416,8/17/2015,,,,42,4.91
1000 SWITCHBACK,D,PLANTSKYDD,1,WRC,4/2/2015,27.94,3.81,4/10/2015,,,,6/2/2015,,,,33.528,8/17/2015,,Y,,40,5.23
1000 SWITCHBACK,D,PLANTSKYDD,2,WRC,4/2/2015,34.29,3.81,4/10/2015,,,,6/2/2015,,,,44.45,8/17/2015,,,,50,5.53
1000 SWITCHBACK,D,PLANTSKYDD,3,WRC,4/2/2015,51.562,4.826,4/10/2015,,,,6/2/2015,,,,58.674,8/17/2015,,,,66,8.35
1000 SWITCHBACK,D,PLANTSKYDD,4,WRC,4/2/2015,50.8,5.334,4/10/2015,,,,6/2/2015,,,,57.15,8/17/2015,,,,68,8.12
1000 SWITCHBACK,D,PLANTSKYDD,5,WRC,4/2/2015,43.942,4.064,4/10/2015,,,,6/2/2015,,,,44.704,8/17/2015,Y,,,40,6.42
1000 SWITCHBACK,D,PLANTSKYDD,6,WRC,4/2/2015,33.02,3.81,4/10/2015,,,,6/2/2015,,,,34.29,8/17/2015,,,,39,5.57
1000 SWITCHBACK,D,PLANTSKYDD,7,WRC,4/2/2015,37.592,4.318,4/10/2015,,,,6/2/2015,,,,43.434,8/17/2015,,,,55,8.14
1000 SWITCHBACK,D,PLANTSKYDD,8,WRC,4/2/2015,30.734,5.842,4/10/2015,,,,6/2/2015,,,,37.592,8/17/2015,,,,45,7.24
1000 SWITCHBACK,D,PLANTSKYDD,9,WRC,4/2/2015,23.114,0.508,4/10/2015,,,,6/2/2015,,Y,,21.336,8/17/2015,,Y,,20,1.65
1000 SWITCHBACK,D,PLANTSKYDD,10,WRC,4/2/2015,34.29,2.794,4/10/2015,,,,6/2/2015,,,,34.036,8/17/2015,,,,57,6.73
1000 SWITCHBACK,D,PLANTSKYDD,11,WRC,4/2/2015,34.036,3.302,4/10/2015,,,,6/2/2015,,,,36.83,8/17/2015,,,,44,7.27
1000 SWITCHBACK,D,PLANTSKYDD,12,WRC,4/2/2015,29.464,4.572,4/10/2015,,,,6/2/2015,,,,29.972,8/17/2015,,,,48,5.97
1000 SWITCHBACK,D,PLANTSKYDD,13,WRC,4/2/2015,37.338,2.54,4/10/2015,,,,6/2/2015,,,,35.814,8/17/2015,,,,51,5.87
1000 SWITCHBACK,D,PLANTSKYDD,14,WRC,4/2/2015,33.782,3.302,4/10/2015,,,,6/2/2015,,,,33.782,8/17/2015,,,,48,7.13
1000 SWITCHBACK,D,PLANTSKYDD,15,WRC,4/2/2015,26.162,2.286,4/10/2015,,,,6/2/2015,,,,27.686,8/17/2015,,,,40,4.09
1000 SWITCHBACK,D,PLANTSKYDD,16,WRC,4/2/2015,27.432,3.302,4/10/2015,,,,6/2/2015,,,,26.162,8/17/2015,,,,27,1.65
1000 SWITCHBACK,D,PLANTSKYDD,17,WRC,4/2/2015,24.13,2.794,4/10/2015,,,,6/2/2015,,,,27.686,8/17/2015,,,,42,6.1
1000 SWITCHBACK,D,PLANTSKYDD,18,WRC,4/2/2015,17.78,2.54,4/10/2015,,,,6/2/2015,,,,17.78,8/17/2015,,,,30,4.31
1000 SWITCHBACK,D,PLANTSKYDD,19,WRC,4/2/2015,23.114,23.368,4/10/2015,,,,6/2/2015,,,,23.114,8/17/2015,,,,52,5.87
1000 SWITCHBACK,D,PLANTSKYDD,20,WRC,4/2/2015,34.036,3.048,4/10/2015,,,,6/2/2015,,,,33.274,8/17/2015,,Y,,,
1000 SWITCHBACK,E,VEXAR,1,WRC,4/2/2015,42.672,4.318,4/10/2015,,,,6/2/2015,,,,44.958,8/17/2015,,,,60,7
1000 SWITCHBACK,E,VEXAR,2,WRC,4/2/2015,31.75,3.048,4/10/2015,,,,6/2/2015,,,,38.354,8/17/2015,,,,61,6.35
1000 SWITCHBACK,E,VEXAR,3,WRC,4/2/2015,32.512,3.81,4/10/2015,,,,6/2/2015,,,,36.322,8/17/2015,,,,44,6.34
1000 SWITCHBACK,E,VEXAR,4,WRC,4/2/2015,32.004,4.064,4/10/2015,,,,6/2/2015,,,,35.052,8/17/2015,,,,49,6.63
1000 SWITCHBACK,E,VEXAR,5,WRC,4/2/2015,32.512,3.302,4/10/2015,,,,6/2/2015,,,,33.782,8/17/2015,,,,40,4.83
1000 SWITCHBACK,E,VEXAR,6,WRC,4/2/2015,46.482,5.08,4/10/2015,,,,6/2/2015,,,,50.546,8/17/2015,,,,52,6.54
1000 SWITCHBACK,E,VEXAR,7,WRC,4/2/2015,21.59,3.048,4/10/2015,,,,6/2/2015,,Y,,20.066,8/17/2015,,Y,,16,2.48
1000 SWITCHBACK,E,VEXAR,8,WRC,4/2/2015,35.56,4.064,4/10/2015,,,,6/2/2015,,,,39.878,8/17/2015,,,,65,6.94
1000 SWITCHBACK,E,VEXAR,9,WRC,4/2/2015,44.45,4.318,4/10/2015,,,,6/2/2015,,,,51.562,8/17/2015,,,,69,6.27
1000 SWITCHBACK,E,VEXAR,10,WRC,4/2/2015,45.72,7.112,4/10/2015,,,,6/2/2015,,,,53.594,8/17/2015,,,,60,6.78
1000 SWITCHBACK,E,VEXAR,11,WRC,4/2/2015,30.48,3.302,4/10/2015,,,,6/2/2015,,,,27.686,8/17/2015,,,,28,5.73
1000 SWITCHBACK,E,VEXAR,12,WRC,4/2/2015,39.37,4.064,4/10/2015,,,,6/2/2015,,,,41.91,8/17/2015,,,,54,6.72
1000 SWITCHBACK,E,VEXAR,13,WRC,4/2/2015,29.972,4.572,4/10/2015,,,,6/2/2015,,,,30.988,8/17/2015,,Y,,40,4.52
1000 SWITCHBACK,E,VEXAR,14,WRC,4/2/2015,25.4,3.556,4/10/2015,,,,6/2/2015,,,,26.416,8/17/2015,,,,22,6.61
1000 SWITCHBACK,E,VEXAR,15,WRC,4/2/2015,26.416,2.54,4/10/2015,,,,6/2/2015,,,,21.336,8/17/2015,,Y,,23,3.01
1000 SWITCHBACK,E,VEXAR,16,WRC,4/2/2015,22.86,2.032,4/10/2015,,,,6/2/2015,,,,24.892,8/17/2015,,,,28,3.33
1000 SWITCHBACK,E,VEXAR,17,WRC,4/2/2015,52.07,3.81,4/10/2015,,,,6/2/2015,,,,56.388,8/17/2015,,,,60,6.94
1000 SWITCHBACK,E,VEXAR,18,WRC,4/2/2015,16.51,3.556,4/10/2015,,,,6/2/2015,,Y,,15.494,8/17/2015,,Y,,14,1.57
1000 SWITCHBACK,E,VEXAR,19,WRC,4/2/2015,19.05,3.302,4/10/2015,,,,6/2/2015,,,,19.304,8/17/2015,,Y,,17,2.91
1000 SWITCHBACK,E,VEXAR,20,WRC,4/2/2015,33.782,3.048,4/10/2015,,,,6/2/2015,,,,35.56,8/17/2015,,,,49,4.17
1000 SWITCHBACK,F,FENCE CTRL,1,WRC,4/2/2015,45.72,5.08,4/10/2015,,,,6/2/2015,,,,58.42,8/17/2015,,,,64,8.42
1000 SWITCHBACK,F,FENCE CTRL,2,WRC,4/2/2015,44.45,5.334,4/10/2015,,,,6/2/2015,,,,55.626,8/17/2015,,,,59,7.8
1000 SWITCHBACK,F,FENCE CTRL,3,WRC,4/2/2015,28.702,3.048,4/10/2015,,,,6/2/2015,,,,35.306,8/17/2015,,Y,,,
1000 SWITCHBACK,F,FENCE CTRL,4,WRC,4/2/2015,41.656,3.81,4/10/2015,,,,6/2/2015,,,,46.99,8/17/2015,,,,44,5.3
1000 SWITCHBACK,F,FENCE CTRL,5,WRC,4/2/2015,35.052,3.556,4/10/2015,,,,6/2/2015,,,,42.672,8/17/2015,,,,47,6.84
1000 SWITCHBACK,F,FENCE CTRL,6,WRC,4/2/2015,21.59,2.54,4/10/2015,,,,6/2/2015,,,,25.146,8/17/2015,,,,46,6.83
1000 SWITCHBACK,F,FENCE CTRL,7,WRC,4/2/2015,27.94,2.794,4/10/2015,,,,6/2/2015,,,,33.528,8/17/2015,,,,34,6.31
1000 SWITCHBACK,F,FENCE CTRL,8,WRC,4/2/2015,48.26,6.35,4/10/2015,,,,6/2/2015,,,,52.07,8/17/2015,,,,52,7.25
1000 SWITCHBACK,F,FENCE CTRL,9,WRC,4/2/2015,21.336,2.794,4/10/2015,,,,6/2/2015,,,,24.384,8/17/2015,,,,72,11.11
1000 SWITCHBACK,F,FENCE CTRL,10,WRC,4/2/2015,27.94,3.556,4/10/2015,,,,6/2/2015,,,,30.226,8/17/2015,,,,33,5.48
1000 SWITCHBACK,F,FENCE CTRL,11,WRC,4/2/2015,24.892,3.048,4/10/2015,,,,6/2/2015,,,,30.226,8/17/2015,,,,44,6.63
1000 SWITCHBACK,F,FENCE CTRL,12,WRC,4/2/2015,28.702,3.048,4/10/2015,,,,6/2/2015,,,,28.448,8/17/2015,,,,38,5.39
1000 SWITCHBACK,F,FENCE CTRL,13,WRC,4/2/2015,25.146,3.048,4/10/2015,,,,6/2/2015,,,,29.464,8/17/2015,,,,42,6.98
1000 SWITCHBACK,F,FENCE CTRL,14,WRC,4/2/2015,19.304,3.302,4/10/2015,,,,6/2/2015,,,,23.114,8/17/2015,,,,43,7.39
1000 SWITCHBACK,F,FENCE CTRL,15,WRC,4/2/2015,25.4,3.048,4/10/2015,,,,6/2/2015,,,,26.67,8/17/2015,,,,32,4.97
1000 SWITCHBACK,F,FENCE CTRL,16,WRC,4/2/2015,17.526,2.794,4/10/2015,,,,6/2/2015,,,,18.034,8/17/2015,,,,24,3.33
1000 SWITCHBACK,F,FENCE CTRL,17,WRC,4/2/2015,23.114,24.638,4/10/2015,,,,6/2/2015,,,,25.908,8/17/2015,,,,28,4.39
1000 SWITCHBACK,F,FENCE CTRL,18,WRC,4/2/2015,16.51,3.048,4/10/2015,,,,6/2/2015,,Y,,14.986,8/17/2015,,Y,,14,3.71
1000 SWITCHBACK,F,FENCE CTRL,19,WRC,4/2/2015,22.352,23.368,4/10/2015,,,,6/2/2015,,,,24.638,8/17/2015,,,,31,4.44
1000 SWITCHBACK,F,FENCE CTRL,20,WRC,4/2/2015,25.146,3.302,4/10/2015,,,,6/2/2015,,,,25.654,8/17/2015,,,,35,5.24
RR THIN,A,SS CTRL,1,SS,4/2/2015,45.466,2.794,4/20/2015,,,,6/2/2015,,,,51.816,8/17/2015,,,,60,6.6
RR THIN,A,SS CTRL,2,SS,4/2/2015,40.64,5.588,4/20/2015,,,,6/2/2015,,,,53.848,8/17/2015,,,,66,4.5
RR THIN,A,SS CTRL,3,SS,4/2/2015,52.07,5.334,4/20/2015,,,,6/2/2015,,,,60.96,8/17/2015,,,,74,7.25
RR THIN,A,SS CTRL,4,SS,4/2/2015,41.91,4.318,4/20/2015,,,,6/2/2015,,,,56.134,8/17/2015,,,,63,8.32
RR THIN,A,SS CTRL,5,SS,4/2/2015,45.974,4.318,4/20/2015,,,,6/2/2015,,,,56.642,8/17/2015,,Y,,61,5.21
RR THIN,A,SS CTRL,6,SS,4/2/2015,36.83,3.81,4/20/2015,,,,6/2/2015,,,,44.45,8/17/2015,,Y,,50,3.99
RR THIN,A,SS CTRL,7,SS,4/2/2015,50.8,4.064,4/20/2015,,,,6/2/2015,,,,58.42,8/17/2015,,,,67,7.15
RR THIN,A,SS CTRL,8,SS,4/2/2015,54.864,6.35,4/20/2015,,,,6/2/2015,,,,60.198,8/17/2015,,,,76,8.4
RR THIN,A,SS CTRL,9,SS,4/2/2015,45.212,5.842,4/20/2015,,,,6/2/2015,,,,54.61,8/17/2015,,,,62,7.83
RR THIN,A,SS CTRL,10,SS,4/2/2015,50.292,4.064,4/20/2015,,,,6/2/2015,,,,50.038,8/17/2015,,,,62.5,6.92
RR THIN,A,SS CTRL,11,SS,4/2/2015,46.482,6.35,4/20/2015,,,,6/2/2015,,,,55.88,8/17/2015,,,,60,5.12
RR THIN,A,SS CTRL,12,SS,4/2/2015,38.862,5.334,4/20/2015,,,,6/2/2015,,,,45.974,8/17/2015,,,,51,5.55
RR THIN,A,SS CTRL,13,SS,4/2/2015,35.56,5.334,4/20/2015,,,,6/2/2015,,,,39.624,8/17/2015,,,,46,6.13
RR THIN,A,SS CTRL,14,SS,4/2/2015,35.814,3.81,4/20/2015,,,,6/2/2015,,,,45.974,8/17/2015,,,,50,4.24
RR THIN,A,SS CTRL,15,SS,4/2/2015,35.56,4.064,4/20/2015,,,,6/2/2015,,,,43.18,8/17/2015,,,,49,4.8
RR THIN,A,SS CTRL,16,SS,4/2/2015,46.99,5.08,4/20/2015,,,,6/2/2015,,,,57.15,8/17/2015,,,,66,6.85
RR THIN,A,SS CTRL,17,SS,4/2/2015,47.752,5.334,4/20/2015,,,,6/2/2015,,,,54.102,8/17/2015,,,,61,6.23
RR THIN,A,SS CTRL,18,SS,4/2/2015,33.274,4.318,4/20/2015,,,,6/2/2015,,,,40.132,8/17/2015,,,,45,5.37
RR THIN,A,SS CTRL,19,SS,4/2/2015,47.752,5.334,4/20/2015,,,,6/2/2015,,,,57.15,8/17/2015,,,,63,6.18
RR THIN,A,SS CTRL,20,SS,4/2/2015,47.752,5.842,4/20/2015,,,,6/2/2015,,,,62.738,8/17/2015,,,,69.5,8.36
RR THIN,B,PLANTSKYDD,1,WRC,4/2/2015,45.974,4.064,4/20/2015,Y,,44.704,6/2/2015,Y,,,47.244,8/17/2015,Y,Y,,50,6.39
RR THIN,B,PLANTSKYDD,2,WRC,4/2/2015,55.626,5.08,4/20/2015,,,,6/2/2015,,,,61.722,8/17/2015,,,,67,7.77
RR THIN,B,PLANTSKYDD,3,WRC,4/2/2015,31.75,4.572,4/20/2015,,,,6/2/2015,,,,32.766,8/17/2015,,,,32,3.59
RR THIN,B,PLANTSKYDD,4,WRC,4/2/2015,39.37,3.556,4/20/2015,,,,6/2/2015,Y,,,40.894,8/17/2015,Y,Y,,40,5.2
RR THIN,B,PLANTSKYDD,5,WRC,4/2/2015,40.386,4.318,4/20/2015,,,,6/2/2015,,,,45.212,8/17/2015,,Y,,47,4.44
RR THIN,B,PLANTSKYDD,6,WRC,4/2/2015,37.592,4.826,4/20/2015,,,,6/2/2015,,,,45.72,8/17/2015,,,,52,6.1
RR THIN,B,PLANTSKYDD,7,WRC,4/2/2015,27.686,1.524,4/20/2015,,,,6/2/2015,Y,,,27.432,8/17/2015,Y,Y,,40,4.61
RR THIN,B,PLANTSKYDD,8,WRC,4/2/2015,27.94,2.794,4/20/2015,,,,6/2/2015,,,,30.48,8/17/2015,,Y,,35,3.21
RR THIN,B,PLANTSKYDD,9,WRC,4/2/2015,38.862,3.556,4/20/2015,,,,6/2/2015,,,,44.704,8/17/2015,,,,47,6.47
RR THIN,B,PLANTSKYDD,10,WRC,4/2/2015,32.512,3.81,4/20/2015,,,,6/2/2015,,,,40.64,8/17/2015,,Y,,42,4.97
RR THIN,B,PLANTSKYDD,11,WRC,4/2/2015,26.162,3.048,4/20/2015,,,,6/2/2015,Y,,,28.448,8/17/2015,Y,Y,,35,3.61
RR THIN,B,PLANTSKYDD,12,WRC,4/2/2015,32.512,4.826,4/20/2015,,,,6/2/2015,,,,36.83,8/17/2015,,Y,,40,4.59
RR THIN,B,PLANTSKYDD,13,WRC,4/2/2015,28.702,3.556,4/20/2015,,,,6/2/2015,Y,,,36.068,8/17/2015,,,,39,4.4
RR THIN,B,PLANTSKYDD,14,WRC,4/2/2015,34.544,4.064,4/20/2015,,,,6/2/2015,,,,40.64,8/17/2015,,,,38,4.57
RR THIN,B,PLANTSKYDD,15,WRC,4/2/2015,43.942,4.318,4/20/2015,,,,6/2/2015,,,,41.402,8/17/2015,,Y,,45,5.46
RR THIN,B,PLANTSKYDD,16,WRC,4/2/2015,32.004,2.54,4/20/2015,,,,6/2/2015,,,,38.1,8/17/2015,,Y,,42,4.38
RR THIN,B,PLANTSKYDD,17,WRC,4/2/2015,37.592,4.826,4/20/2015,,,,6/2/2015,Y,,,43.434,8/17/2015,Y,Y,,46,5.84
RR THIN,B,PLANTSKYDD,18,WRC,4/2/2015,26.416,3.048,4/20/2015,,,,6/2/2015,,,,28.702,8/17/2015,,,,33,4.94
RR THIN,B,PLANTSKYDD,19,WRC,4/2/2015,21.082,3.048,4/20/2015,,,,6/2/2015,Y,,,22.86,8/17/2015,,,,30,4.59
RR THIN,B,PLANTSKYDD,20,WRC,4/2/2015,19.812,2.794,4/20/2015,,,,6/2/2015,,,,18.542,8/17/2015,,Y,,20,2.01
RR THIN,C,WRC CTRL,1,WRC,4/2/2015,25.4,2.286,4/20/2015,Y,,15.748,6/2/2015,Y,,,21.59,8/17/2015,Y,Y,,18,2.4
RR THIN,C,WRC CTRL,2,WRC,4/2/2015,31.496,2.54,4/20/2015,Y,,24.892,6/2/2015,Y,,,29.21,8/17/2015,Y,Y,,27,2.98
RR THIN,C,WRC CTRL,3,WRC,4/2/2015,37.592,3.81,4/20/2015,Y,,35.052,6/2/2015,Y,,,45.974,8/17/2015,Y,Y,,53,5.01
RR THIN,C,WRC CTRL,4,WRC,4/2/2015,41.91,4.572,4/20/2015,,,,6/2/2015,Y,,,44.45,8/17/2015,,,,45,4.36
RR THIN,C,WRC CTRL,5,WRC,4/2/2015,40.386,3.556,4/20/2015,,,,6/2/2015,Y,,,45.212,8/17/2015,Y,Y,,41,4.58
RR THIN,C,WRC CTRL,6,WRC,4/2/2015,27.432,2.54,4/20/2015,Y,,27.686,6/2/2015,,,,33.782,8/17/2015,,,,41,4.51
RR THIN,C,WRC CTRL,7,WRC,4/2/2015,26.416,4.826,4/20/2015,,,,6/2/2015,Y,Y,,29.464,8/17/2015,,Y,,38,4.54
RR THIN,C,WRC CTRL,8,WRC,4/2/2015,31.75,4.064,4/20/2015,,,,6/2/2015,,,,36.068,8/17/2015,,Y,,37,3.15
RR THIN,C,WRC CTRL,9,WRC,4/2/2015,31.75,3.302,4/20/2015,,,,6/2/2015,,,,35.56,8/17/2015,,,,53,6.77
RR THIN,C,WRC CTRL,10,WRC,4/2/2015,40.132,4.064,4/20/2015,,,,6/2/2015,,,,48.26,8/17/2015,,Y,,31,5
RR THIN,C,WRC CTRL,11,WRC,4/2/2015,44.196,4.572,4/20/2015,,,,6/2/2015,,,,50.292,8/17/2015,,Y,,39,3.89
RR THIN,C,WRC CTRL,12,WRC,4/2/2015,35.56,3.556,4/20/2015,,,,6/2/2015,,,,39.37,8/17/2015,,Y,,42,5.27
RR THIN,C,WRC CTRL,13,WRC,4/2/2015,39.878,3.556,4/20/2015,,,,6/2/2015,,,,36.068,8/17/2015,,Y,,29,3.53
RR THIN,C,WRC CTRL,14,WRC,4/2/2015,25.4,2.54,4/20/2015,,,,6/2/2015,Y,,,26.162,8/17/2015,Y,,,22,3.24
RR THIN,C,WRC CTRL,15,WRC,4/2/2015,27.432,2.286,4/20/2015,,,,6/2/2015,Y,,,18.796,8/17/2015,Y,Y,,23,2.91
RR THIN,C,WRC CTRL,16,WRC,4/2/2015,24.384,2.54,4/20/2015,,,,6/2/2015,Y,,,25.908,8/17/2015,Y,,,47,5.42
RR THIN,C,WRC CTRL,17,WRC,4/2/2015,34.544,3.81,4/20/2015,,,,6/2/2015,,,,37.592,8/17/2015,,Y,,38,6.53
RR THIN,C,WRC CTRL,18,WRC,4/2/2015,35.56,3.302,4/20/2015,,,,6/2/2015,,,,41.91,8/17/2015,,Y,,,
RR THIN,C,WRC CTRL,19,WRC,4/2/2015,25.4,2.794,4/20/2015,,,,6/2/2015,Y,,,26.162,8/17/2015,Y,Y,,28,2.27
RR THIN,C,WRC CTRL,20,WRC,4/2/2015,31.496,3.048,4/20/2015,,,,6/2/2015,,,,34.544,8/17/2015,,,,50,9.09
RR THIN,D,CO-PLANTING,1,WRC,4/2/2015,30.734,2.794,4/20/2015,,,,6/2/2015,Y,Y,,30.988,8/17/2015,Y,Y,,31,2.28
RR THIN,D,CO-PLANTING,2,WRC,4/2/2015,31.75,3.302,4/20/2015,,,,6/2/2015,,,,32.004,8/17/2015,,,,36,5.09
RR THIN,D,CO-PLANTING,3,WRC,4/2/2015,27.432,2.54,4/20/2015,,,,6/2/2015,,,,33.274,8/17/2015,,Y,,32,3.6
RR THIN,D,CO-PLANTING,4,WRC,4/2/2015,29.972,2.032,4/20/2015,,,,6/2/2015,Y,Y,,25.654,8/17/2015,Y,Y,,28,2.36
RR THIN,D,CO-PLANTING,5,WRC,4/2/2015,33.782,3.048,4/20/2015,,,,6/2/2015,,,,40.386,8/17/2015,,Y,,41,4.06
RR THIN,D,CO-PLANTING,6,WRC,4/2/2015,27.432,3.048,4/20/2015,,,,6/2/2015,,,,25.908,8/17/2015,,Y,,29,3.1
RR THIN,D,CO-PLANTING,7,WRC,4/2/2015,28.702,3.556,4/20/2015,,,,6/2/2015,,,,31.496,8/17/2015,,Y,,28,3.12
RR THIN,D,CO-PLANTING,8,WRC,4/2/2015,48.26,4.064,4/20/2015,,,,6/2/2015,,,,53.594,8/17/2015,,Y,,53,5.29
RR THIN,D,CO-PLANTING,9,WRC,4/2/2015,28.194,3.048,4/20/2015,,,,6/2/2015,,,,30.988,8/17/2015,,Y,,33,3.66
RR THIN,D,CO-PLANTING,10,WRC,4/2/2015,22.352,3.302,4/20/2015,,,,6/2/2015,,,,23.114,8/17/2015,,Y,,22,2.33
RR THIN,D,CO-PLANTING,11,WRC,4/2/2015,48.26,4.572,4/20/2015,,,,6/2/2015,,,,49.784,8/17/2015,,,,58,6.82
RR THIN,D,CO-PLANTING,12,WRC,4/2/2015,40.132,3.81,4/20/2015,,,,6/2/2015,,,,47.498,8/17/2015,,Y,,55,5.53
RR THIN,D,CO-PLANTING,13,WRC,4/2/2015,49.022,5.08,4/20/2015,,,,6/2/2015,Y,,,56.896,8/17/2015,Y,,,60,6.41
RR THIN,D,CO-PLANTING,14,WRC,4/2/2015,40.64,5.08,4/20/2015,,,,6/2/2015,Y,,,42.164,8/17/2015,Y,,,45,5.26
RR THIN,D,CO-PLANTING,15,WRC,4/2/2015,22.86,3.048,4/20/2015,,,,6/2/2015,,,,19.812,8/17/2015,,,,24,4.29
RR THIN,D,CO-PLANTING,16,WRC,4/2/2015,23.622,3.556,4/20/2015,,,,6/2/2015,Y,,,20.574,8/17/2015,Y,,,19,3.04
RR THIN,D,CO-PLANTING,17,WRC,4/2/2015,38.862,4.318,4/20/2015,,,,6/2/2015,,,,43.688,8/17/2015,,,,52,5.95
RR THIN,D,CO-PLANTING,18,WRC,4/2/2015,30.734,3.81,4/20/2015,,,,6/2/2015,Y,,,33.528,8/17/2015,Y,,,35,5.48
RR THIN,D,CO-PLANTING,19,WRC,4/2/2015,21.336,2.54,4/20/2015,,,,6/2/2015,Y,,,14.224,8/17/2015,Y,,,22,2.76
RR THIN,D,CO-PLANTING,20,WRC,4/2/2015,23.876,2.54,4/20/2015,,,,6/2/2015,,,,27.94,8/17/2015,,,,35,4.8
RR THIN,D,CO-PLANTING,1,SS,4/2/2015,45.974,4.318,4/20/2015,,,,6/2/2015,,,,54.356,8/17/2015,,,,60,7.69
RR THIN,D,CO-PLANTING,2,SS,4/2/2015,42.926,4.064,4/20/2015,,,,6/2/2015,,,,53.594,8/17/2015,,,,61,5.96
RR THIN,D,CO-PLANTING,3,SS,4/2/2015,49.022,4.318,4/20/2015,,,,6/2/2015,,,,59.944,8/17/2015,,,,67,5.94
RR THIN,D,CO-PLANTING,4,SS,4/2/2015,48.26,5.08,4/20/2015,,,,6/2/2015,,,,51.816,8/17/2015,,,,58,6.55
RR THIN,D,CO-PLANTING,5,SS,4/2/2015,47.752,4.572,4/20/2015,,,,6/2/2015,,,,53.848,8/17/2015,,,,68,6.4
RR THIN,D,CO-PLANTING,6,SS,4/2/2015,49.53,4.572,4/20/2015,,,,6/2/2015,,,,57.404,8/17/2015,,,,67,6.45
RR THIN,D,CO-PLANTING,7,SS,4/2/2015,52.07,4.572,4/20/2015,,,,6/2/2015,,,,56.388,8/17/2015,,,,64,4.85
RR THIN,D,CO-PLANTING,8,SS,4/2/2015,44.196,4.318,4/20/2015,,,,6/2/2015,,,,53.34,8/17/2015,,,,57,5.31
RR THIN,D,CO-PLANTING,9,SS,4/2/2015,42.672,3.556,4/20/2015,,,,6/2/2015,,,,46.228,8/17/2015,,Y,,50,5.56
RR THIN,D,CO-PLANTING,10,SS,4/2/2015,55.88,4.572,4/20/2015,,,,6/2/2015,,,,61.976,8/17/2015,,,,68,6.47
RR THIN,D,CO-PLANTING,11,SS,4/2/2015,37.592,3.556,4/20/2015,,,,6/2/2015,,,,46.99,8/17/2015,,,,55,5.49
RR THIN,D,CO-PLANTING,12,SS,4/2/2015,47.752,4.572,4/20/2015,,,,6/2/2015,,,,51.816,8/17/2015,,,,56,6.53
RR THIN,D,CO-PLANTING,13,SS,4/2/2015,37.084,4.064,4/20/2015,,,,6/2/2015,,,,43.942,8/17/2015,,,,51,4.19
RR THIN,D,CO-PLANTING,14,SS,4/2/2015,56.896,4.826,4/20/2015,,,,6/2/2015,,,,56.896,8/17/2015,,,,60,6.29
RR THIN,D,CO-PLANTING,15,SS,4/2/2015,44.45,4.572,4/20/2015,,,,6/2/2015,,,,51.054,8/17/2015,,,,54,6.68
RR THIN,D,CO-PLANTING,16,SS,4/2/2015,54.356,4.064,4/20/2015,,,,6/2/2015,,,,58.674,8/17/2015,,,,67,5.6
RR THIN,D,CO-PLANTING,17,SS,4/2/2015,50.292,4.064,4/20/2015,,,,6/2/2015,,,,62.23,8/17/2015,,,,77,9.09
RR THIN,D,CO-PLANTING,18,SS,4/2/2015,40.386,4.318,4/20/2015,,,,6/2/2015,,,,44.704,8/17/2015,,Y,,48,4.2
RR THIN,D,CO-PLANTING,19,SS,4/2/2015,44.704,3.81,4/20/2015,,,,6/2/2015,,,,52.324,8/17/2015,,,,61,6.57
RR THIN,D,CO-PLANTING,20,SS,4/2/2015,49.53,3.556,4/20/2015,,,,6/2/2015,,,,55.626,8/17/2015,,,,70,7.98
RR THIN,E,VEXAR,1,WRC,4/2/2015,38.1,4.826,4/20/2015,,,,6/2/2015,,,,40.132,8/17/2015,,Y,,48,4.72
RR THIN,E,VEXAR,2,WRC,4/2/2015,22.86,3.048,4/20/2015,,,,6/2/2015,,Y,,23.114,8/17/2015,,Y,,15,2.21
RR THIN,E,VEXAR,3,WRC,4/2/2015,26.67,3.556,4/20/2015,,,,6/2/2015,,,,32.766,8/17/2015,,,Y,34,5.3
RR THIN,E,VEXAR,4,WRC,4/2/2015,29.464,3.048,4/20/2015,,,,6/2/2015,,,,28.448,8/17/2015,,Y,Y,38,4.07
RR THIN,E,VEXAR,5,WRC,4/2/2015,35.56,5.08,4/20/2015,,,,6/2/2015,,,,42.926,8/17/2015,,Y,,46,6.3
RR THIN,E,VEXAR,6,WRC,4/2/2015,43.18,4.572,4/20/2015,,,,6/2/2015,,,,48.768,8/17/2015,,Y,Y,42,5.77
RR THIN,E,VEXAR,7,WRC,4/2/2015,25.654,3.302,4/20/2015,,,,6/2/2015,,,,25.146,8/17/2015,,Y,,23,2.57
RR THIN,E,VEXAR,8,WRC,4/2/2015,27.686,3.302,4/20/2015,,,,6/2/2015,,,,30.226,8/17/2015,,Y,,28,4.25
RR THIN,E,VEXAR,9,WRC,4/2/2015,40.386,6.604,4/20/2015,,,,6/2/2015,,,,44.45,8/17/2015,,,,51,9.92
RR THIN,E,VEXAR,10,WRC,4/2/2015,19.304,2.794,4/20/2015,,,,6/2/2015,,Y,,15.494,8/17/2015,,Y,,5,1.12
RR THIN,E,VEXAR,11,WRC,4/2/2015,22.352,2.54,4/20/2015,,,,6/2/2015,,,,29.464,8/17/2015,,Y,,30,4.26
RR THIN,E,VEXAR,12,WRC,4/2/2015,24.892,3.302,4/20/2015,,,,6/2/2015,,,,29.21,8/17/2015,,,,43,6.85
RR THIN,E,VEXAR,13,WRC,4/2/2015,25.4,3.81,4/20/2015,,,,6/2/2015,,,,29.464,8/17/2015,,,,21,7.12
RR THIN,E,VEXAR,14,WRC,4/2/2015,31.242,3.556,4/20/2015,,,,6/2/2015,,,,29.464,8/17/2015,,Y,,34,5.52
RR THIN,E,VEXAR,15,WRC,4/2/2015,26.162,3.302,4/20/2015,,,,6/2/2015,,,,29.21,8/17/2015,,Y,,27,3.21
RR THIN,E,VEXAR,16,WRC,4/2/2015,29.21,3.302,4/20/2015,,,,6/2/2015,,,,31.242,8/17/2015,,Y,,32,4.35
RR THIN,E,VEXAR,17,WRC,4/2/2015,23.876,4.318,4/20/2015,,,,6/2/2015,,,,26.416,8/17/2015,,Y,,28,5.22
RR THIN,E,VEXAR,18,WRC,4/2/2015,19.304,3.302,4/20/2015,,,,6/2/2015,,,,18.288,8/17/2015,,Y,,23,2.26
RR THIN,E,VEXAR,19,WRC,4/2/2015,20.32,3.048,4/20/2015,,,,6/2/2015,,,,20.32,8/17/2015,,Y,,21,3.8
RR THIN,E,VEXAR,20,WRC,4/2/2015,20.574,3.81,4/20/2015,,,,6/2/2015,,,,20.574,8/17/2015,,Y,,18,2.51
RR THIN,F,FENCE CTRL,1,WRC,4/2/2015,41.91,3.556,4/20/2015,,,,6/2/2015,,,,47.244,8/17/2015,,,,48,5.47
RR THIN,F,FENCE CTRL,2,WRC,4/2/2015,21.59,1.778,4/20/2015,,,,6/2/2015,,,,23.368,8/17/2015,,Y,,14,1.92
RR THIN,F,FENCE CTRL,3,WRC,4/2/2015,35.56,3.048,4/20/2015,,,,6/2/2015,,,,36.322,8/17/2015,,Y,,32,4.16
RR THIN,F,FENCE CTRL,4,WRC,4/2/2015,27.94,2.54,4/20/2015,,,,6/2/2015,,,,30.734,8/17/2015,,,,33,3.88
RR THIN,F,FENCE CTRL,5,WRC,4/2/2015,28.956,3.81,4/20/2015,,,,6/2/2015,,,,33.02,8/17/2015,,,,43,6.18
RR THIN,F,FENCE CTRL,6,WRC,4/2/2015,29.21,3.302,4/20/2015,,,,6/2/2015,,,,36.576,8/17/2015,,,,47,6.65
RR THIN,F,FENCE CTRL,7,WRC,4/2/2015,40.132,4.064,4/20/2015,,,,6/2/2015,,,,46.482,8/17/2015,,,,60,6.08
RR THIN,F,FENCE CTRL,8,WRC,4/2/2015,38.862,4.826,4/20/2015,,,,6/2/2015,,,,50.546,8/17/2015,,,,55,7.93
RR THIN,F,FENCE CTRL,9,WRC,4/2/2015,22.352,2.032,4/20/2015,,,,6/2/2015,,,,23.622,8/17/2015,,,,27,3.33
RR THIN,F,FENCE CTRL,10,WRC,4/2/2015,29.21,3.556,4/20/2015,,,,6/2/2015,,,,37.338,8/17/2015,,,,49,8.79
RR THIN,F,FENCE CTRL,11,WRC,4/2/2015,32.766,2.286,4/20/2015,,,,6/2/2015,,,,43.688,8/17/2015,,,,53,7.11
RR THIN,F,FENCE CTRL,12,WRC,4/2/2015,27.686,3.302,4/20/2015,,,,6/2/2015,,,,34.036,8/17/2015,,,,35,5.26
RR THIN,F,FENCE CTRL,13,WRC,4/2/2015,21.336,3.048,4/20/2015,,,,6/2/2015,,,,21.844,8/17/2015,,Y,,24,5.77
RR THIN,F,FENCE CTRL,14,WRC,4/2/2015,21.59,2.286,4/20/2015,,,,6/2/2015,,,,24.384,8/17/2015,,Y,,29,3.98
RR THIN,F,FENCE CTRL,15,WRC,4/2/2015,24.892,2.794,4/20/2015,,,,6/2/2015,,,,30.988,8/17/2015,,,,39,5.3
RR THIN,F,FENCE CTRL,16,WRC,4/2/2015,24.13,2.286,4/20/2015,,,,6/2/2015,,,,27.178,8/17/2015,,Y,,28,3.68
RR THIN,F,FENCE CTRL,17,WRC,4/2/2015,24.384,3.302,4/20/2015,,,,6/2/2015,,,,30.734,8/17/2015,,,,37,4.67
RR THIN,F,FENCE CTRL,18,WRC,4/2/2015,24.13,3.556,4/20/2015,,,,6/2/2015,,,,29.21,8/17/2015,,,,26,4.42
RR THIN,F,FENCE CTRL,19,WRC,4/2/2015,26.416,3.048,4/20/2015,,,,6/2/2015,,,,30.226,8/17/2015,,,,32,6.12
RR THIN,F,FENCE CTRL,20,WRC,4/2/2015,25.654,4.572,4/20/2015,,,,6/2/2015,,,,26.162,8/17/2015,,Y,,19,2.64
FALLING FIRS,A,WRC CTRL,1,WRC,4/13/2015,43.18,5.08,4/23/2015,,,,6/2/2015,,,,44.958,8/17/2015,,,,46,3.4
FALLING FIRS,A,WRC CTRL,2,WRC,4/13/2015,19.05,2.286,4/23/2015,,,,6/2/2015,,,,19.05,8/17/2015,,,,20,2.9
FALLING FIRS,A,WRC CTRL,3,WRC,4/13/2015,39.37,4.572,4/23/2015,,,,6/2/2015,Y,,,26.67,8/17/2015,,,,31,3.4
FALLING FIRS,A,WRC CTRL,4,WRC,4/13/2015,34.036,4.064,4/23/2015,,,,6/2/2015,Y,Y,,21.59,8/17/2015,Y,Y,,19,1.4
FALLING FIRS,A,WRC CTRL,5,WRC,4/13/2015,30.988,2.794,4/23/2015,Y,,28.702,6/2/2015,Y,,,19.812,8/17/2015,Y,,,24,2.9
FALLING FIRS,A,WRC CTRL,6,WRC,4/13/2015,31.242,3.048,4/23/2015,Y,,16.51,6/2/2015,Y,,,22.86,8/17/2015,,,,27,3
FALLING FIRS,A,WRC CTRL,7,WRC,4/13/2015,33.528,2.794,4/23/2015,,,,6/2/2015,Y,,,33.528,8/17/2015,,,,38,4.4
FALLING FIRS,A,WRC CTRL,8,WRC,4/13/2015,28.956,4.064,4/23/2015,,,,6/2/2015,Y,,,25.146,8/17/2015,Y,,,23,3.8
FALLING FIRS,A,WRC CTRL,9,WRC,4/13/2015,19.304,3.556,4/23/2015,,,,6/2/2015,Y,Y,,15.494,8/17/2015,Y,Y,,,
FALLING FIRS,A,WRC CTRL,10,WRC,4/13/2015,19.558,2.794,4/23/2015,,,,6/2/2015,Y,,,22.86,8/17/2015,,,,31,4.1
FALLING FIRS,A,WRC CTRL,11,WRC,4/13/2015,21.59,2.032,4/23/2015,,,,6/2/2015,Y,,,17.526,8/17/2015,Y,,,22,2.7
FALLING FIRS,A,WRC CTRL,12,WRC,4/13/2015,25.4,2.794,4/23/2015,,,,6/2/2015,Y,,,12.7,8/17/2015,Y,,,22,2.3
FALLING FIRS,A,WRC CTRL,13,WRC,4/13/2015,29.21,3.048,4/23/2015,,,,6/2/2015,Y,,,23.114,8/17/2015,Y,,,28,3.1
FALLING FIRS,A,WRC CTRL,14,WRC,4/13/2015,56.642,5.08,4/23/2015,,,,6/2/2015,Y,,,46.228,8/17/2015,Y,,,56,5.8
FALLING FIRS,A,WRC CTRL,15,WRC,4/13/2015,52.832,4.826,4/23/2015,,,,6/2/2015,Y,,,41.91,8/17/2015,,,,56,7.1
FALLING FIRS,A,WRC CTRL,16,WRC,4/13/2015,23.368,3.048,4/23/2015,,,,6/2/2015,Y,,,15.24,8/17/2015,,,,19,2.9
FALLING FIRS,A,WRC CTRL,17,WRC,4/13/2015,36.83,4.318,4/23/2015,,,,6/2/2015,Y,,,21.082,8/17/2015,Y,,,22,4.9
FALLING FIRS,A,WRC CTRL,18,WRC,4/13/2015,33.782,3.556,4/23/2015,,,,6/2/2015,Y,,,16.51,8/17/2015,Y,,,15,2.7
FALLING FIRS,A,WRC CTRL,19,WRC,4/13/2015,26.67,2.794,4/23/2015,,,,6/2/2015,Y,,,16.51,8/17/2015,Y,,,18,2.5
FALLING FIRS,A,WRC CTRL,20,WRC,4/13/2015,19.558,2.286,4/23/2015,,,,6/2/2015,Y,,,14.478,8/17/2015,Y,,,11,3.6
FALLING FIRS,B,CO-PLANTING,1,WRC,4/13/2015,27.432,2.54,4/23/2015,,,,6/2/2015,,,,25.654,8/17/2015,,Y,,25,2.9
FALLING FIRS,B,CO-PLANTING,2,WRC,4/13/2015,33.02,4.318,4/23/2015,,,,6/2/2015,,,,30.48,8/17/2015,,,,35,3.4
FALLING FIRS,B,CO-PLANTING,3,WRC,4/13/2015,34.036,3.302,4/23/2015,,,,6/2/2015,,,,29.972,8/17/2015,,,,37,3.5
FALLING FIRS,B,CO-PLANTING,4,WRC,4/13/2015,17.78,3.048,4/23/2015,,,,6/2/2015,,,,25.146,8/17/2015,Y,,,15,3.9
FALLING FIRS,B,CO-PLANTING,5,WRC,4/13/2015,59.944,5.334,4/23/2015,,,,6/2/2015,Y,,,44.45,8/17/2015,Y,,,44,7.5
FALLING FIRS,B,CO-PLANTING,6,WRC,4/13/2015,42.672,3.81,4/23/2015,,,,6/2/2015,Y,,,43.434,8/17/2015,Y,,,48,5.7
FALLING FIRS,B,CO-PLANTING,7,WRC,4/13/2015,52.832,5.334,4/23/2015,,,,6/2/2015,,,,58.674,8/17/2015,Y,,,60,6.1
FALLING FIRS,B,CO-PLANTING,8,WRC,4/13/2015,38.1,3.302,4/23/2015,,,,6/2/2015,,,,36.83,8/17/2015,Y,,,42,4.3
FALLING FIRS,B,CO-PLANTING,9,WRC,4/13/2015,47.752,5.588,4/23/2015,,,,6/2/2015,Y,,,30.988,8/17/2015,Y,,,34,5.5
FALLING FIRS,B,CO-PLANTING,10,WRC,4/13/2015,22.098,2.54,4/23/2015,,,,6/2/2015,Y,,,22.86,8/17/2015,Y,,,16,2.7
FALLING FIRS,B,CO-PLANTING,11,WRC,4/13/2015,17.78,4.318,4/23/2015,,,,6/2/2015,,,,13.716,8/17/2015,,,,18,3.2
FALLING FIRS,B,CO-PLANTING,12,WRC,4/13/2015,19.558,1.778,4/23/2015,,,,6/2/2015,Y,,,10.16,8/17/2015,Y,,,12,2.3
FALLING FIRS,B,CO-PLANTING,13,WRC,4/13/2015,24.13,2.54,4/23/2015,,,,6/2/2015,,,,26.924,8/17/2015,Y,,,20,3.9
FALLING FIRS,B,CO-PLANTING,14,WRC,4/13/2015,16.51,3.81,4/23/2015,,,,6/2/2015,,,,15.748,8/17/2015,Y,,,11,3.1
FALLING FIRS,B,CO-PLANTING,15,WRC,4/13/2015,41.91,4.826,4/23/2015,,,,6/2/2015,Y,,,39.878,8/17/2015,Y,,,43,4.8
FALLING FIRS,B,CO-PLANTING,16,WRC,4/13/2015,21.844,3.048,4/23/2015,,,,6/2/2015,,,,21.59,8/17/2015,,,,22,3.6
FALLING FIRS,B,CO-PLANTING,17,WRC,4/13/2015,21.59,2.54,4/23/2015,,,,6/2/2015,Y,,,12.954,8/17/2015,Y,,,15,3.4
FALLING FIRS,B,CO-PLANTING,18,WRC,4/13/2015,30.48,3.556,4/23/2015,,,,6/2/2015,Y,,,33.528,8/17/2015,Y,,,38,5.7
FALLING FIRS,B,CO-PLANTING,19,WRC,4/13/2015,32.512,3.302,4/23/2015,,,,6/2/2015,Y,,,32.766,8/17/2015,Y,,,37,5.1
FALLING FIRS,B,CO-PLANTING,20,WRC,4/13/2015,29.464,3.048,4/23/2015,,,,6/2/2015,,,,36.83,8/17/2015,,,,47,3.8
FALLING FIRS,B,CO-PLANTING,1,SS,4/13/2015,46.99,4.064,4/23/2015,,,,6/2/2015,,,,49.53,8/17/2015,,,,57,5.9
FALLING FIRS,B,CO-PLANTING,2,SS,4/13/2015,42.672,5.334,4/23/2015,,,,6/2/2015,,,,47.752,8/17/2015,,,,63,5.9
FALLING FIRS,B,CO-PLANTING,3,SS,4/13/2015,45.212,4.826,4/23/2015,,,,6/2/2015,,,,50.546,8/17/2015,,,,58,6.1
FALLING FIRS,B,CO-PLANTING,4,SS,4/13/2015,41.91,4.826,4/23/2015,,,,6/2/2015,,,,49.53,8/17/2015,,,,63,6.8
FALLING FIRS,B,CO-PLANTING,5,SS,4/13/2015,32.004,3.81,4/23/2015,,,,6/2/2015,,,,48.26,8/17/2015,,,,53,5.1
FALLING FIRS,B,CO-PLANTING,6,SS,4/13/2015,46.482,4.826,4/23/2015,,,,6/2/2015,,,,52.324,8/17/2015,,,,68,7.3
FALLING FIRS,B,CO-PLANTING,7,SS,4/13/2015,48.26,3.81,4/23/2015,,,,6/2/2015,,,,49.276,8/17/2015,,,,63,5.1
FALLING FIRS,B,CO-PLANTING,8,SS,4/13/2015,38.1,5.842,4/23/2015,,,,6/2/2015,,,,46.99,8/17/2015,,,,50,4.8
FALLING FIRS,B,CO-PLANTING,9,SS,4/13/2015,41.91,3.302,4/23/2015,,,,6/2/2015,,,,50.8,8/17/2015,,,,61,4.9
FALLING FIRS,B,CO-PLANTING,10,SS,4/13/2015,37.338,3.556,4/23/2015,,,,6/2/2015,,,,42.926,8/17/2015,,,,53,5.6
FALLING FIRS,B,CO-PLANTING,11,SS,4/13/2015,34.036,4.064,4/23/2015,,,,6/2/2015,,,,39.37,8/17/2015,,,,38,4.6
FALLING FIRS,B,CO-PLANTING,12,SS,4/13/2015,39.624,4.572,4/23/2015,,,,6/2/2015,,,,43.18,8/17/2015,,,,47,5.3
FALLING FIRS,B,CO-PLANTING,13,SS,4/13/2015,34.798,5.588,4/23/2015,,,,6/2/2015,,,,46.228,8/17/2015,,,,53,4.9
FALLING FIRS,B,CO-PLANTING,14,SS,4/13/2015,36.576,3.048,4/23/2015,,,,6/2/2015,,,,43.434,8/17/2015,,,,51,4.5
FALLING FIRS,B,CO-PLANTING,15,SS,4/13/2015,41.91,5.08,4/23/2015,,,,6/2/2015,,,,52.324,8/17/2015,,,,59,5.5
FALLING FIRS,B,CO-PLANTING,16,SS,4/13/2015,39.116,4.826,4/23/2015,,,,6/2/2015,,,,39.624,8/17/2015,,,,43,5.7
FALLING FIRS,B,CO-PLANTING,17,SS,4/13/2015,27.94,3.302,4/23/2015,,,,6/2/2015,,,,33.782,8/17/2015,,,,42,4.3
FALLING FIRS,B,CO-PLANTING,18,SS,4/13/2015,37.084,3.556,4/23/2015,,,,6/2/2015,,,,45.466,8/17/2015,,,,56,5.2
FALLING FIRS,B,CO-PLANTING,19,SS,4/13/2015,35.56,3.81,4/23/2015,,,,6/2/2015,,,,43.18,8/17/2015,,,,47,4.8
FALLING FIRS,B,CO-PLANTING,20,SS,4/13/2015,33.782,3.556,4/23/2015,,,,6/2/2015,,,,41.91,8/17/2015,,,,51,4.8
FALLING FIRS,C,PLANTSKYDD,1,WRC,4/13/2015,43.18,4.572,4/23/2015,,,,6/2/2015,,,,45.974,8/17/2015,,,,50,5.5
FALLING FIRS,C,PLANTSKYDD,2,WRC,4/13/2015,45.72,3.81,4/23/2015,,,,6/2/2015,Y,,,46.228,8/17/2015,Y,,,49,5.2
FALLING FIRS,C,PLANTSKYDD,3,WRC,4/13/2015,28.448,3.048,4/23/2015,,,,6/2/2015,,,,36.068,8/17/2015,,,,53,5.3
FALLING FIRS,C,PLANTSKYDD,4,WRC,4/13/2015,38.862,4.318,4/23/2015,,,,6/2/2015,,,,43.18,8/17/2015,,,,46,5.9
FALLING FIRS,C,PLANTSKYDD,5,WRC,4/13/2015,26.67,3.048,4/23/2015,,,,6/2/2015,,,,29.464,8/17/2015,,,,29,4.6
FALLING FIRS,C,PLANTSKYDD,6,WRC,4/13/2015,19.05,2.032,4/23/2015,,,,6/2/2015,,,,22.86,8/17/2015,Y,,,19,3.6
FALLING FIRS,C,PLANTSKYDD,7,WRC,4/13/2015,24.638,3.302,4/23/2015,,,,6/2/2015,,,,34.544,8/17/2015,,,,41,5.3
FALLING FIRS,C,PLANTSKYDD,8,WRC,4/13/2015,24.892,3.048,4/23/2015,,,,6/2/2015,,,,26.67,8/17/2015,Y,,,32,3.8
FALLING FIRS,C,PLANTSKYDD,9,WRC,4/13/2015,36.576,3.302,4/23/2015,,,,6/2/2015,,,,40.894,8/17/2015,,,,41,4.7
FALLING FIRS,C,PLANTSKYDD,10,WRC,4/13/2015,28.702,4.318,4/23/2015,,,,6/2/2015,,,,31.75,8/17/2015,,,,43,5.6
FALLING FIRS,C,PLANTSKYDD,11,WRC,4/13/2015,24.638,2.286,4/23/2015,,,,6/2/2015,,,,29.464,8/17/2015,,,,29,3.4
FALLING FIRS,C,PLANTSKYDD,12,WRC,4/13/2015,27.94,3.302,4/23/2015,,,,6/2/2015,,,,37.846,8/17/2015,,,,41,5.5
FALLING FIRS,C,PLANTSKYDD,13,WRC,4/13/2015,18.542,2.286,4/23/2015,,,,6/2/2015,,,,26.67,8/17/2015,,,,25,5.5
FALLING FIRS,C,PLANTSKYDD,14,WRC,4/13/2015,39.116,4.572,4/23/2015,,,,6/2/2015,,,,50.038,8/17/2015,,,,64,6.6
FALLING FIRS,C,PLANTSKYDD,15,WRC,4/13/2015,26.924,3.302,4/23/2015,,,,6/2/2015,,,,33.274,8/17/2015,,,,44,4.6
FALLING FIRS,C,PLANTSKYDD,16,WRC,4/13/2015,14.732,1.524,4/23/2015,,,,6/2/2015,,,,15.24,8/17/2015,,,,25,2.8
FALLING FIRS,C,PLANTSKYDD,17,WRC,4/13/2015,18.796,4.318,4/23/2015,,,,6/2/2015,,,,22.352,8/17/2015,,,,20,3.1
FALLING FIRS,C,PLANTSKYDD,18,WRC,4/13/2015,17.78,1.27,4/23/2015,,,,6/2/2015,,,,18.288,8/17/2015,,Y,,13,3.1
FALLING FIRS,C,PLANTSKYDD,19,WRC,4/13/2015,16.51,2.032,4/23/2015,,,,6/2/2015,,,,12.7,8/17/2015,,,,33,4.6
FALLING FIRS,C,PLANTSKYDD,20,WRC,4/13/2015,29.21,2.286,4/23/2015,,,,6/2/2015,,,,30.734,8/17/2015,,Y,,,
FALLING FIRS,D,VEXAR,1,WRC,4/13/2015,44.196,5.08,4/23/2015,,,,6/2/2015,,,,48.26,8/17/2015,,,,55,4.6
FALLING FIRS,D,VEXAR,2,WRC,4/13/2015,31.75,5.842,4/23/2015,,,,6/2/2015,,,,37.592,8/17/2015,,,,42,3.2
FALLING FIRS,D,VEXAR,3,WRC,4/13/2015,25.908,4.826,4/23/2015,,,,6/2/2015,,,,53.848,8/17/2015,,,,55,5.9
FALLING FIRS,D,VEXAR,4,WRC,4/13/2015,24.13,2.794,4/23/2015,,,,6/2/2015,,,,31.496,8/17/2015,,,,34,3.2
FALLING FIRS,D,VEXAR,5,WRC,4/13/2015,18.288,3.302,4/23/2015,,,,6/2/2015,,,Y,18.034,8/17/2015,,,Y,20,2.7
FALLING FIRS,D,VEXAR,6,WRC,4/13/2015,27.94,4.064,4/23/2015,,,,6/2/2015,,,,33.02,8/17/2015,Y,,Y,24,4.9
FALLING FIRS,D,VEXAR,7,WRC,4/13/2015,24.892,2.54,4/23/2015,,,,6/2/2015,,,,28.194,8/17/2015,,,,29,4.3
FALLING FIRS,D,VEXAR,8,WRC,4/13/2015,29.21,4.064,4/23/2015,,,,6/2/2015,,,,31.242,8/17/2015,,,,33,3.5
FALLING FIRS,D,VEXAR,9,WRC,4/13/2015,52.07,4.318,4/23/2015,,,,6/2/2015,,,,57.912,8/17/2015,,,,60,5.7
FALLING FIRS,D,VEXAR,10,WRC,4/13/2015,26.416,2.794,4/23/2015,,,,6/2/2015,,,,30.48,8/17/2015,,,,29,3.6
FALLING FIRS,D,VEXAR,11,WRC,4/13/2015,19.812,2.54,4/23/2015,,,,6/2/2015,Y,,Y,13.97,8/17/2015,Y,,,3,2.6
FALLING FIRS,D,VEXAR,12,WRC,4/13/2015,19.05,3.048,4/23/2015,,,,6/2/2015,,,,25.4,8/17/2015,,,,25,3.6
FALLING FIRS,D,VEXAR,13,WRC,4/13/2015,23.876,3.302,4/23/2015,,,,6/2/2015,,,,29.21,8/17/2015,,,,41,4.5
FALLING FIRS,D,VEXAR,14,WRC,4/13/2015,42.164,4.318,4/23/2015,,,,6/2/2015,,,,43.688,8/17/2015,,,,54,6.8
FALLING FIRS,D,VEXAR,15,WRC,4/13/2015,18.796,2.794,4/23/2015,,,,6/2/2015,,,,22.606,8/17/2015,,,,33,4
FALLING FIRS,D,VEXAR,16,WRC,4/13/2015,17.78,3.048,4/23/2015,,,,6/2/2015,,,,20.828,8/17/2015,,,,22,2.9
FALLING FIRS,D,VEXAR,17,WRC,4/13/2015,16.256,1.778,4/23/2015,,,,6/2/2015,,,,21.082,8/17/2015,,,,25,3.8
FALLING FIRS,D,VEXAR,18,WRC,4/13/2015,28.956,2.794,4/23/2015,,,,6/2/2015,,,,34.29,8/17/2015,,,,40,4.7
FALLING FIRS,D,VEXAR,19,WRC,4/13/2015,46.99,3.81,4/23/2015,,,,6/2/2015,,,,44.45,8/17/2015,,,,54,5.8
FALLING FIRS,D,VEXAR,20,WRC,4/13/2015,21.336,3.81,4/23/2015,,,,6/2/2015,,,,28.448,8/17/2015,,,,37,5.1
FALLING FIRS,E,SS CTRL,1,SS,4/13/2015,48.26,5.588,4/23/2015,,,,6/2/2015,,,,55.372,8/17/2015,,,,72,6.1
FALLING FIRS,E,SS CTRL,2,SS,4/13/2015,43.942,4.572,4/23/2015,,,,6/2/2015,,,,46.99,8/17/2015,,,,67,5.5
FALLING FIRS,E,SS CTRL,3,SS,4/13/2015,45.72,4.826,4/23/2015,,,,6/2/2015,,,,50.546,8/17/2015,,,,63,6
FALLING FIRS,E,SS CTRL,4,SS,4/13/2015,46.228,6.096,4/23/2015,,,,6/2/2015,,,,57.404,8/17/2015,,,,70,6.1
FALLING FIRS,E,SS CTRL,5,SS,4/13/2015,38.862,3.302,4/23/2015,,,,6/2/2015,,,,44.704,8/17/2015,,,,53,3.3
FALLING FIRS,E,SS CTRL,6,SS,4/13/2015,49.022,5.588,4/23/2015,,,,6/2/2015,,,,58.166,8/17/2015,,,,71,5.5
FALLING FIRS,E,SS CTRL,7,SS,4/13/2015,38.1,5.588,4/23/2015,,,,6/2/2015,,,,47.752,8/17/2015,,,,58,5.9
FALLING FIRS,E,SS CTRL,8,SS,4/13/2015,44.45,4.318,4/23/2015,,,,6/2/2015,,,,46.99,8/17/2015,,,,61,4.6
FALLING FIRS,E,SS CTRL,9,SS,4/13/2015,46.736,4.572,4/23/2015,,,,6/2/2015,,,,52.324,8/17/2015,,,,60,5.4
FALLING FIRS,E,SS CTRL,10,SS,4/13/2015,36.83,4.318,4/23/2015,,,,6/2/2015,,,,44.45,8/17/2015,,Y,,52,4.2
FALLING FIRS,E,SS CTRL,11,SS,4/13/2015,39.116,3.81,4/23/2015,,,,6/2/2015,,,,37.846,8/17/2015,,,,46,5.8
FALLING FIRS,E,SS CTRL,12,SS,4/13/2015,44.45,5.08,4/23/2015,,,,6/2/2015,,,,50.038,8/17/2015,,,,64,5.1
FALLING FIRS,E,SS CTRL,13,SS,4/13/2015,42.418,4.064,4/23/2015,,,,6/2/2015,,,,50.292,8/17/2015,,,,59,5.2
FALLING FIRS,E,SS CTRL,14,SS,4/13/2015,39.878,3.81,4/23/2015,,,,6/2/2015,,,,43.18,8/17/2015,,,,49,5.6
FALLING FIRS,E,SS CTRL,15,SS,4/13/2015,36.322,3.048,4/23/2015,,,,6/2/2015,,,,39.878,8/17/2015,,,,47,4.2
FALLING FIRS,E,SS CTRL,16,SS,4/13/2015,39.624,4.318,4/23/2015,,,,6/2/2015,,,,43.434,8/17/2015,,,,53,6
FALLING FIRS,E,SS CTRL,17,SS,4/13/2015,44.704,4.318,4/23/2015,,,,6/2/2015,,,,50.8,8/17/2015,,,,56,5.8
FALLING FIRS,E,SS CTRL,18,SS,4/13/2015,43.18,5.842,4/23/2015,,,,6/2/2015,,,,52.578,8/17/2015,,,,63,5.3
FALLING FIRS,E,SS CTRL,19,SS,4/13/2015,42.418,4.064,4/23/2015,,,,6/2/2015,,,,51.816,8/17/2015,,,,62,5.8
FALLING FIRS,E,SS CTRL,20,SS,4/13/2015,39.37,5.08,4/23/2015,,,,6/2/2015,,,,40.894,8/17/2015,,,,58,5.9
FALLING FIRS,F,FENCE CTRL,1,WRC,4/13/2015,41.91,5.588,4/23/2015,,,,6/2/2015,,,,45.212,8/17/2015,,,,52,6.9
FALLING FIRS,F,FENCE CTRL,2,WRC,4/13/2015,24.384,2.794,4/23/2015,,,,6/2/2015,,,,28.194,8/17/2015,,,,27,3
FALLING FIRS,F,FENCE CTRL,3,WRC,4/13/2015,34.544,3.81,4/23/2015,,,,6/2/2015,,,,39.116,8/17/2015,,,,38,6.6
FALLING FIRS,F,FENCE CTRL,4,WRC,4/13/2015,24.892,3.81,4/23/2015,,,,6/2/2015,,,,32.258,8/17/2015,,,,33,4.4
FALLING FIRS,F,FENCE CTRL,5,WRC,4/13/2015,24.892,3.81,4/23/2015,,,,6/2/2015,,,,30.988,8/17/2015,,,,35,3.9
FALLING FIRS,F,FENCE CTRL,6,WRC,4/13/2015,22.86,2.794,4/23/2015,,,,6/2/2015,,,,27.178,8/17/2015,Y,,,24,4.7
FALLING FIRS,F,FENCE CTRL,7,WRC,4/13/2015,34.544,4.064,4/23/2015,,,,6/2/2015,,,,40.386,8/17/2015,,,,41,5.2
FALLING FIRS,F,FENCE CTRL,8,WRC,4/13/2015,34.544,3.81,4/23/2015,,,,6/2/2015,,,,40.64,8/17/2015,,,,50,5.8
FALLING FIRS,F,FENCE CTRL,9,WRC,4/13/2015,30.48,4.064,4/23/2015,,,,6/2/2015,,,,36.322,8/17/2015,Y,,,23,7.4
FALLING FIRS,F,FENCE CTRL,10,WRC,4/13/2015,22.86,3.81,4/23/2015,,,,6/2/2015,,,,27.94,8/17/2015,,,,32,4.1
FALLING FIRS,F,FENCE CTRL,11,WRC,4/13/2015,20.828,2.286,4/23/2015,,,,6/2/2015,,,,29.21,8/17/2015,,,,23,3.7
FALLING FIRS,F,FENCE CTRL,12,WRC,4/13/2015,33.02,2.54,4/23/2015,,,,6/2/2015,,,,36.576,8/17/2015,,,,40,4.2
FALLING FIRS,F,FENCE CTRL,13,WRC,4/13/2015,42.418,3.81,4/23/2015,,,,6/2/2015,,,,51.054,8/17/2015,,,,53,6.4
FALLING FIRS,F,FENCE CTRL,14,WRC,4/13/2015,13.208,2.286,4/23/2015,,,,6/2/2015,,Y,,12.7,8/17/2015,,Y,,,
FALLING FIRS,F,FENCE CTRL,15,WRC,4/13/2015,22.098,2.794,4/23/2015,,,,6/2/2015,,,,26.162,8/17/2015,,,,20,3.5
FALLING FIRS,F,FENCE CTRL,16,WRC,4/13/2015,17.018,2.286,4/23/2015,,,,6/2/2015,,,,19.05,8/17/2015,,Y,,17,2.3
FALLING FIRS,F,FENCE CTRL,17,WRC,4/13/2015,21.336,1.778,4/23/2015,,,,6/2/2015,,,,26.162,8/17/2015,,,,29,2.8
FALLING FIRS,F,FENCE CTRL,18,WRC,4/13/2015,25.908,2.794,4/23/2015,,,,6/2/2015,,,,28.702,8/17/2015,,,,33,6.7
FALLING FIRS,F,FENCE CTRL,19,WRC,4/13/2015,29.21,3.302,4/23/2015,,,,6/2/2015,,,,36.83,8/17/2015,,,,41,3.6
FALLING FIRS,F,FENCE CTRL,20,WRC,4/13/2015,24.638,2.794,4/23/2015,,,,6/2/2015,,,,27.94,8/17/2015,,,,35,4.8
NOVELLI,A,WRC CTRL,1,WRC,4/13/2015,21.336,2.54,4/23/2015,,,,6/2/2015,,,,22.86,8/17/2015,,,,30,2.8
NOVELLI,A,WRC CTRL,2,WRC,4/13/2015,25.908,3.048,4/23/2015,,,,6/2/2015,,,,23.368,8/17/2015,Y,,,32,3.9
NOVELLI,A,WRC CTRL,3,WRC,4/13/2015,28.956,3.556,4/23/2015,Y,,20.574,6/2/2015,Y,,,24.384,8/17/2015,Y,,,23,3.4
NOVELLI,A,WRC CTRL,4,WRC,4/13/2015,19.05,2.286,4/23/2015,Y,,13.462,6/2/2015,,,,21.59,8/17/2015,Y,,,19,3.2
NOVELLI,A,WRC CTRL,5,WRC,4/13/2015,264.16,5.08,4/23/2015,Y,,17.526,6/2/2015,Y,,,18.034,8/17/2015,Y,,,20,4.5
NOVELLI,A,WRC CTRL,6,WRC,4/13/2015,264.16,2.54,4/23/2015,,,,6/2/2015,,,,30.988,8/17/2015,Y,,,32,3.4
NOVELLI,A,WRC CTRL,7,WRC,4/13/2015,31.496,2.794,4/23/2015,,,,6/2/2015,Y,,,29.464,8/17/2015,Y,,,24,4
NOVELLI,A,WRC CTRL,8,WRC,4/13/2015,41.91,3.81,4/23/2015,,,,6/2/2015,Y,,,48.26,8/17/2015,Y,,,33,4.1
NOVELLI,A,WRC CTRL,9,WRC,4/13/2015,34.036,3.302,4/23/2015,Y,,27.94,6/2/2015,Y,,,29.21,8/17/2015,Y,,,30,3.1
NOVELLI,A,WRC CTRL,10,WRC,4/13/2015,28.956,4.318,4/23/2015,Y,,27.94,6/2/2015,,,,34.544,8/17/2015,Y,,,30,4.1
NOVELLI,A,WRC CTRL,11,WRC,4/13/2015,33.02,3.556,4/23/2015,Y,,19.812,6/2/2015,Y,,,20.066,8/17/2015,Y,,,19,3.4
NOVELLI,A,WRC CTRL,12,WRC,4/13/2015,34.036,3.556,4/23/2015,,,,6/2/2015,Y,,,27.686,8/17/2015,Y,,,29,3
NOVELLI,A,WRC CTRL,13,WRC,4/13/2015,15.24,3.302,4/23/2015,,,,6/2/2015,,,,15.24,8/17/2015,Y,,,15,2.9
NOVELLI,A,WRC CTRL,14,WRC,4/13/2015,26.416,4.572,4/23/2015,,,,6/2/2015,Y,,,18.288,8/17/2015,Y,,,16,3.1
NOVELLI,A,WRC CTRL,15,WRC,4/13/2015,31.496,3.302,4/23/2015,,,,6/2/2015,Y,,,17.272,8/17/2015,Y,,,23,3.7
NOVELLI,A,WRC CTRL,16,WRC,4/13/2015,24.638,2.54,4/23/2015,,,,6/2/2015,,,,28.956,8/17/2015,Y,,,33,3
NOVELLI,A,WRC CTRL,17,WRC,4/13/2015,,,4/23/2015,,,,6/2/2015,,,,0,8/17/2015,,,,,
NOVELLI,A,WRC CTRL,18,WRC,4/13/2015,,,4/23/2015,,,,6/2/2015,,,,0,8/17/2015,,,,,
NOVELLI,A,WRC CTRL,19,WRC,4/13/2015,,,4/23/2015,,,,6/2/2015,,,,0,8/17/2015,,,,,
NOVELLI,A,WRC CTRL,20,WRC,4/13/2015,,,4/23/2015,,,,6/2/2015,,,,0,8/17/2015,,,,,
NOVELLI,B,SS CTRL,1,SS,4/13/2015,41.148,4.064,4/23/2015,,,,6/2/2015,,,,44.704,8/17/2015,,,,59,6.2
NOVELLI,B,SS CTRL,2,SS,4/13/2015,48.26,4.826,4/23/2015,,,,6/2/2015,,,,52.07,8/17/2015,,,,84,6.8
NOVELLI,B,SS CTRL,3,SS,4/13/2015,50.8,4.064,4/23/2015,,,,6/2/2015,,,,50.546,8/17/2015,,,,78,6.6
NOVELLI,B,SS CTRL,4,SS,4/13/2015,49.276,4.318,4/23/2015,,,,6/2/2015,,,,53.34,8/17/2015,,,,75,5.3
NOVELLI,B,SS CTRL,5,SS,4/13/2015,48.768,4.064,4/23/2015,,,,6/2/2015,,,,55.88,8/17/2015,,,,76,5.6
NOVELLI,B,SS CTRL,6,SS,4/13/2015,38.1,4.318,4/23/2015,,,,6/2/2015,,,,53.34,8/17/2015,,,,71,4.7
NOVELLI,B,SS CTRL,7,SS,4/13/2015,42.418,4.064,4/23/2015,,,,6/2/2015,,,,51.308,8/17/2015,,,,68,4.9
NOVELLI,B,SS CTRL,8,SS,4/13/2015,39.116,3.556,4/23/2015,,,,6/2/2015,,,,46.99,8/17/2015,,,,68,4.6
NOVELLI,B,SS CTRL,9,SS,4/13/2015,38.608,3.556,4/23/2015,,,,6/2/2015,,,,46.736,8/17/2015,,,,62,5.2
NOVELLI,B,SS CTRL,10,SS,4/13/2015,42.164,4.064,4/23/2015,,,,6/2/2015,,,,53.594,8/17/2015,,,,71,5
NOVELLI,B,SS CTRL,11,SS,4/13/2015,37.084,4.318,4/23/2015,,,,6/2/2015,,,,44.196,8/17/2015,,,,63,4.8
NOVELLI,B,SS CTRL,12,SS,4/13/2015,45.72,4.826,4/23/2015,,,,6/2/2015,,,,58.166,8/17/2015,,,,75,5.9
NOVELLI,B,SS CTRL,13,SS,4/13/2015,33.02,3.81,4/23/2015,,,,6/2/2015,,,,45.72,8/17/2015,,,,65,6
NOVELLI,B,SS CTRL,14,SS,4/13/2015,49.276,4.318,4/23/2015,,,,6/2/2015,,,,58.674,8/17/2015,,,,80,5.6
NOVELLI,B,SS CTRL,15,SS,4/13/2015,40.894,4.318,4/23/2015,,,,6/2/2015,,,,49.784,8/17/2015,,,,71,4.9
NOVELLI,B,SS CTRL,16,SS,4/13/2015,35.56,3.81,4/23/2015,,,,6/2/2015,,,,47.752,8/17/2015,,,,71,5.6
NOVELLI,B,SS CTRL,17,SS,4/13/2015,,,4/23/2015,,,,6/2/2015,,,,0,8/17/2015,,,,,
NOVELLI,B,SS CTRL,18,SS,4/13/2015,,,4/23/2015,,,,6/2/2015,,,,0,8/17/2015,,,,,
NOVELLI,B,SS CTRL,19,SS,4/13/2015,,,4/23/2015,,,,6/2/2015,,,,0,8/17/2015,,,,,
NOVELLI,B,SS CTRL,20,SS,4/13/2015,,,4/23/2015,,,,6/2/2015,,,,0,8/17/2015,,,,,
NOVELLI,C,VEXAR,1,WRC,4/13/2015,53.594,5.588,4/23/2015,,,,6/2/2015,,,Y,66.294,8/17/2015,,,Y,76,6.2
NOVELLI,C,VEXAR,2,WRC,4/13/2015,16.51,2.286,4/23/2015,,,,6/2/2015,,,Y,21.336,8/17/2015,,,Y,19,2.9
NOVELLI,C,VEXAR,3,WRC,4/13/2015,18.796,1.524,4/23/2015,,,,6/2/2015,,Y,Y,20.32,8/17/2015,,Y,Y,,
NOVELLI,C,VEXAR,4,WRC,4/13/2015,18.288,1.778,4/23/2015,,,,6/2/2015,,Y,,19.812,8/17/2015,,Y,,,
NOVELLI,C,VEXAR,5,WRC,4/13/2015,29.718,3.302,4/23/2015,,,,6/2/2015,,,,36.068,8/17/2015,,,,43,2.1
NOVELLI,C,VEXAR,6,WRC,4/13/2015,22.098,2.794,4/23/2015,,,,6/2/2015,,Y,Y,22.86,8/17/2015,,Y,Y,,
NOVELLI,C,VEXAR,7,WRC,4/13/2015,28.194,2.286,4/23/2015,,,,6/2/2015,,,,29.972,8/17/2015,,,,40,3.8
NOVELLI,C,VEXAR,8,WRC,4/13/2015,29.21,4.572,4/23/2015,,,,6/2/2015,,,Y,30.734,8/17/2015,,,Y,37,4.5
NOVELLI,C,VEXAR,9,WRC,4/13/2015,35.814,3.048,4/23/2015,,,,6/2/2015,,,Y,41.148,8/17/2015,,,Y,48,4.6
NOVELLI,C,VEXAR,10,WRC,4/13/2015,26.924,3.556,4/23/2015,,,,6/2/2015,,,Y,30.226,8/17/2015,,,Y,37,3.2
NOVELLI,C,VEXAR,11,WRC,4/13/2015,27.178,2.794,4/23/2015,,,,6/2/2015,,,Y,33.274,8/17/2015,,,Y,36,5.2
NOVELLI,C,VEXAR,12,WRC,4/13/2015,31.242,3.556,4/23/2015,,,,6/2/2015,,,,33.528,8/17/2015,,,,33,3.9
NOVELLI,C,VEXAR,13,WRC,4/13/2015,25.4,5.334,4/23/2015,,,,6/2/2015,,Y,Y,26.67,8/17/2015,,Y,Y,,
NOVELLI,C,VEXAR,14,WRC,4/13/2015,20.828,2.286,4/23/2015,,,,6/2/2015,,,Y,25.908,8/17/2015,,,Y,43,3.9
NOVELLI,C,VEXAR,15,WRC,4/13/2015,21.59,3.048,4/23/2015,,,,6/2/2015,,,Y,26.67,8/17/2015,,,Y,33,3.5
NOVELLI,C,VEXAR,16,WRC,4/13/2015,33.274,4.064,4/23/2015,,,,6/2/2015,,,Y,40.894,8/17/2015,,,Y,58,5.9
NOVELLI,C,VEXAR,17,WRC,4/13/2015,,,4/23/2015,,,,6/2/2015,,,,0,8/17/2015,,,,,
NOVELLI,C,VEXAR,18,WRC,4/13/2015,,,4/23/2015,,,,6/2/2015,,,,0,8/17/2015,,,,,
NOVELLI,C,VEXAR,19,WRC,4/13/2015,,,4/23/2015,,,,6/2/2015,,,,0,8/17/2015,,,,,
NOVELLI,C,VEXAR,20,WRC,4/13/2015,,,4/23/2015,,,,6/2/2015,,,,0,8/17/2015,,,,,
NOVELLI,D,PLANTSKYDD,1,WRC,4/13/2015,13.462,1.778,4/23/2015,,,,6/2/2015,,Y,,13.97,8/17/2015,,Y,,,
NOVELLI,D,PLANTSKYDD,2,WRC,4/13/2015,10.16,2.794,4/23/2015,,,,6/2/2015,,,,10.668,8/17/2015,,,,16,2.6
NOVELLI,D,PLANTSKYDD,3,WRC,4/13/2015,26.416,2.794,4/23/2015,,,,6/2/2015,,,,30.988,8/17/2015,,,,39,4.5
NOVELLI,D,PLANTSKYDD,4,WRC,4/13/2015,25.654,2.54,4/23/2015,,,,6/2/2015,,,,32.766,8/17/2015,,,,43,4.5
NOVELLI,D,PLANTSKYDD,5,WRC,4/13/2015,33.528,3.302,4/23/2015,,,,6/2/2015,,,,46.736,8/17/2015,Y,,,46,5.6
NOVELLI,D,PLANTSKYDD,6,WRC,4/13/2015,24.638,2.286,4/23/2015,,,,6/2/2015,,,,29.21,8/17/2015,,,,32,3.4
NOVELLI,D,PLANTSKYDD,7,WRC,4/13/2015,21.59,2.794,4/23/2015,,,,6/2/2015,,,,29.972,8/17/2015,Y,,,32,4.1
NOVELLI,D,PLANTSKYDD,8,WRC,4/13/2015,18.796,2.286,4/23/2015,,,,6/2/2015,,,,22.352,8/17/2015,,,,23,2.3
NOVELLI,D,PLANTSKYDD,9,WRC,4/13/2015,20.574,3.302,4/23/2015,,,,6/2/2015,,,,28.194,8/17/2015,,,,32,3.8
NOVELLI,D,PLANTSKYDD,10,WRC,4/13/2015,21.844,4.064,4/23/2015,,,,6/2/2015,,,,28.448,8/17/2015,,,,33,4.1
NOVELLI,D,PLANTSKYDD,11,WRC,4/13/2015,28.448,2.794,4/23/2015,,,,6/2/2015,,,,38.354,8/17/2015,,,,51,5.3
NOVELLI,D,PLANTSKYDD,12,WRC,4/13/2015,21.336,3.556,4/23/2015,,,,6/2/2015,,,,30.734,8/17/2015,,,,45,4.8
NOVELLI,D,PLANTSKYDD,13,WRC,4/13/2015,21.844,2.286,4/23/2015,,,,6/2/2015,,,,27.686,8/17/2015,,,,40,4.3
NOVELLI,D,PLANTSKYDD,14,WRC,4/13/2015,23.622,3.048,4/23/2015,,,,6/2/2015,,,,36.068,8/17/2015,,,,53,5.7
NOVELLI,D,PLANTSKYDD,15,WRC,4/13/2015,20.828,2.54,4/23/2015,,,,6/2/2015,,,,29.21,8/17/2015,,Y,,41,4.6
NOVELLI,D,PLANTSKYDD,16,WRC,4/13/2015,,,4/23/2015,,,,6/2/2015,,,,0,8/17/2015,,,,,
NOVELLI,D,PLANTSKYDD,17,WRC,4/13/2015,,,4/23/2015,,,,6/2/2015,,,,0,8/17/2015,,,,,
NOVELLI,D,PLANTSKYDD,18,WRC,4/13/2015,,,4/23/2015,,,,6/2/2015,,,,0,8/17/2015,,,,,
NOVELLI,D,PLANTSKYDD,19,WRC,4/13/2015,,,4/23/2015,,,,6/2/2015,,,,0,8/17/2015,,,,,
NOVELLI,D,PLANTSKYDD,20,WRC,4/13/2015,,,4/23/2015,,,,6/2/2015,,,,0,8/17/2015,,,,,
NOVELLI,E,CO-PLANTING,1,WRC,4/13/2015,32.004,3.556,4/23/2015,,,,6/2/2015,,,,30.734,8/17/2015,,,,41,4.9
NOVELLI,E,CO-PLANTING,2,WRC,4/13/2015,48.26,3.048,4/23/2015,,,,6/2/2015,,,,23.114,8/17/2015,,,,22,3.4
NOVELLI,E,CO-PLANTING,3,WRC,4/13/2015,19.304,3.556,4/23/2015,,,,6/2/2015,,Y,,20.066,8/17/2015,,Y,,,
NOVELLI,E,CO-PLANTING,4,WRC,4/13/2015,17.78,2.286,4/23/2015,,,,6/2/2015,,Y,,12.954,8/17/2015,,Y,,,
NOVELLI,E,CO-PLANTING,5,WRC,4/13/2015,31.496,3.302,4/23/2015,,,,6/2/2015,Y,,,26.416,8/17/2015,Y,,,33,4.5
NOVELLI,E,CO-PLANTING,6,WRC,4/13/2015,28.194,3.048,4/23/2015,,,,6/2/2015,,,,35.56,8/17/2015,,,,42,4.5
NOVELLI,E,CO-PLANTING,7,WRC,4/13/2015,29.718,3.556,4/23/2015,,,,6/2/2015,,,,36.068,8/17/2015,,,,39,4.6
NOVELLI,E,CO-PLANTING,8,WRC,4/13/2015,32.004,2.286,4/23/2015,Y,,16.256,6/2/2015,Y,,,30.48,8/17/2015,Y,,,35,4.5
NOVELLI,E,CO-PLANTING,9,WRC,4/13/2015,29.718,4.826,4/23/2015,Y,,20.574,6/2/2015,,Y,,25.654,8/17/2015,,Y,,,
NOVELLI,E,CO-PLANTING,10,WRC,4/13/2015,28.956,2.54,4/23/2015,Y,,19.812,6/2/2015,Y,,,25.654,8/17/2015,Y,Y,,22,2.6
NOVELLI,E,CO-PLANTING,11,WRC,4/13/2015,24.384,2.54,4/23/2015,Y,,17.78,6/2/2015,Y,,,18.034,8/17/2015,Y,,,20,2.3
NOVELLI,E,CO-PLANTING,12,WRC,4/13/2015,24.638,3.048,4/23/2015,,,,6/2/2015,,,,30.988,8/17/2015,,,,37,4.6
NOVELLI,E,CO-PLANTING,13,WRC,4/13/2015,14.478,2.286,4/23/2015,Y,,11.684,6/2/2015,,,,17.272,8/17/2015,,,,22,2.7
NOVELLI,E,CO-PLANTING,14,WRC,4/13/2015,18.034,2.286,4/23/2015,,,,6/2/2015,,Y,,17.526,8/17/2015,,Y,,,
NOVELLI,E,CO-PLANTING,15,WRC,4/13/2015,31.75,2.032,4/23/2015,,,,6/2/2015,Y,,,25.654,8/17/2015,Y,,,30,4.3
NOVELLI,E,CO-PLANTING,16,WRC,4/13/2015,24.13,3.048,4/23/2015,Y,,22.86,6/2/2015,Y,,,20.32,8/17/2015,Y,,,30,3.7
NOVELLI,E,CO-PLANTING,17,WRC,4/13/2015,,,4/23/2015,,,,6/2/2015,,,,0,8/17/2015,,,,,
NOVELLI,E,CO-PLANTING,18,WRC,4/13/2015,,,4/23/2015,,,,6/2/2015,,,,0,8/17/2015,,,,,
NOVELLI,E,CO-PLANTING,19,WRC,4/13/2015,,,4/23/2015,,,,6/2/2015,,,,0,8/17/2015,,,,,
NOVELLI,E,CO-PLANTING,20,WRC,4/13/2015,,,4/23/2015,,,,6/2/2015,,,,0,8/17/2015,,,,,
NOVELLI,E,CO-PLANTING,1,SS,4/13/2015,39.878,5.588,4/23/2015,,,,6/2/2015,,,,43.18,8/17/2015,,,,51,5.5
NOVELLI,E,CO-PLANTING,2,SS,4/13/2015,48.514,4.064,4/23/2015,,,,6/2/2015,,,,50.546,8/17/2015,,,,54,4.9
NOVELLI,E,CO-PLANTING,3,SS,4/13/2015,45.72,5.334,4/23/2015,,,,6/2/2015,,,,56.388,8/17/2015,,,,84,6.8
NOVELLI,E,CO-PLANTING,4,SS,4/13/2015,41.656,4.572,4/23/2015,,,,6/2/2015,,,,45.466,8/17/2015,,,,52,4.9
NOVELLI,E,CO-PLANTING,5,SS,4/13/2015,30.988,3.048,4/23/2015,,,,6/2/2015,,,,32.004,8/17/2015,,,,37,4.7
NOVELLI,E,CO-PLANTING,6,SS,4/13/2015,47.498,5.08,4/23/2015,,,,6/2/2015,,,,51.054,8/17/2015,,,,52,6.4
NOVELLI,E,CO-PLANTING,7,SS,4/13/2015,39.116,4.318,4/23/2015,,,,6/2/2015,,,,45.212,8/17/2015,,,,69,5.6
NOVELLI,E,CO-PLANTING,8,SS,4/13/2015,38.354,4.064,4/23/2015,,,,6/2/2015,,,,41.91,8/17/2015,,,,57,5.2
NOVELLI,E,CO-PLANTING,9,SS,4/13/2015,41.656,4.064,4/23/2015,,,,6/2/2015,,,,44.704,8/17/2015,,,,62,5.1
NOVELLI,E,CO-PLANTING,10,SS,4/13/2015,28.956,2.794,4/23/2015,,,,6/2/2015,,,,34.544,8/17/2015,,Y,,41,3.7
NOVELLI,E,CO-PLANTING,11,SS,4/13/2015,39.624,3.81,4/23/2015,,,,6/2/2015,,,,41.91,8/17/2015,,,,51,5.2
NOVELLI,E,CO-PLANTING,12,SS,4/13/2015,41.91,5.334,4/23/2015,,,,6/2/2015,,,,51.816,8/17/2015,,,,76,6.5
NOVELLI,E,CO-PLANTING,13,SS,4/13/2015,44.196,4.826,4/23/2015,,,,6/2/2015,,,,44.196,8/17/2015,,,,52,6.2
NOVELLI,E,CO-PLANTING,14,SS,4/13/2015,43.18,4.318,4/23/2015,,,,6/2/2015,,,,55.118,8/17/2015,,,,70,5.7
NOVELLI,E,CO-PLANTING,15,SS,4/13/2015,44.704,4.318,4/23/2015,,,,6/2/2015,,,,43.942,8/17/2015,,,,60,5.8
NOVELLI,E,CO-PLANTING,16,SS,4/13/2015,39.878,5.588,4/23/2015,,,,6/2/2015,,,,48.26,8/17/2015,,,,52,5
NOVELLI,E,CO-PLANTING,17,SS,4/13/2015,,,4/23/2015,,,,6/2/2015,,,,0,8/17/2015,,,,,
NOVELLI,E,CO-PLANTING,18,SS,4/13/2015,,,4/23/2015,,,,6/2/2015,,,,0,8/17/2015,,,,,
NOVELLI,E,CO-PLANTING,19,SS,4/13/2015,,,4/23/2015,,,,6/2/2015,,,,0,8/17/2015,,,,,
NOVELLI,E,CO-PLANTING,20,SS,4/13/2015,,,4/23/2015,,,,6/2/2015,,,,0,8/17/2015,,,,,
NOVELLI,F,FENCE CTRL,1,WRC,4/13/2015,20.574,2.794,4/23/2015,,,,6/2/2015,,,,25.146,8/17/2015,,Y,,,
NOVELLI,F,FENCE CTRL,2,WRC,4/13/2015,17.018,2.794,4/23/2015,,,,6/2/2015,,,,17.526,8/17/2015,,,,30,2.3
NOVELLI,F,FENCE CTRL,3,WRC,4/13/2015,30.734,4.318,4/23/2015,,,,6/2/2015,,,,38.1,8/17/2015,,,,51,5.3
NOVELLI,F,FENCE CTRL,4,WRC,4/13/2015,37.084,4.318,4/23/2015,,,,6/2/2015,,,,43.434,8/17/2015,,,,60,7.3
NOVELLI,F,FENCE CTRL,5,WRC,4/13/2015,33.782,3.81,4/23/2015,,,,6/2/2015,,,,39.37,8/17/2015,,,,58,5.9
NOVELLI,F,FENCE CTRL,6,WRC,4/13/2015,33.02,3.81,4/23/2015,,,,6/2/2015,,,,41.148,8/17/2015,,,,60,7.1
NOVELLI,F,FENCE CTRL,7,WRC,4/13/2015,27.94,4.318,4/23/2015,,,,6/2/2015,,,,35.052,8/17/2015,,,,42,5.2
NOVELLI,F,FENCE CTRL,8,WRC,4/13/2015,30.48,2.54,4/23/2015,,,,6/2/2015,,,,36.068,8/17/2015,,,,39,5.8
NOVELLI,F,FENCE CTRL,9,WRC,4/13/2015,28.702,2.286,4/23/2015,,,,6/2/2015,,,,41.656,8/17/2015,,,,53,4.6
NOVELLI,F,FENCE CTRL,10,WRC,4/13/2015,26.924,2.794,4/23/2015,,,,6/2/2015,,,,28.194,8/17/2015,,,,32,4.5
NOVELLI,F,FENCE CTRL,11,WRC,4/13/2015,35.814,3.302,4/23/2015,,,,6/2/2015,,,,45.212,8/17/2015,,,,58,6.6
NOVELLI,F,FENCE CTRL,12,WRC,4/13/2015,33.02,3.556,4/23/2015,,,,6/2/2015,,,,39.116,8/17/2015,,,,43,4.9
NOVELLI,F,FENCE CTRL,13,WRC,4/13/2015,27.178,4.064,4/23/2015,,,,6/2/2015,,,,34.544,8/17/2015,,,,48,5.7
NOVELLI,F,FENCE CTRL,14,WRC,4/13/2015,29.464,3.81,4/23/2015,,,,6/2/2015,,,,35.56,8/17/2015,,,,30,2.3
NOVELLI,F,FENCE CTRL,15,WRC,4/13/2015,15.24,2.032,4/23/2015,,,,6/2/2015,,,,15.748,8/17/2015,,Y,,43,5.3
NOVELLI,F,FENCE CTRL,16,WRC,4/13/2015,,,4/23/2015,,,,6/2/2015,,,,0,8/17/2015,,,,,
NOVELLI,F,FENCE CTRL,17,WRC,4/13/2015,,,4/23/2015,,,,6/2/2015,,,,0,8/17/2015,,,,,
NOVELLI,F,FENCE CTRL,18,WRC,4/13/2015,,,4/23/2015,,,,6/2/2015,,,,0,8/17/2015,,,,,
NOVELLI,F,FENCE CTRL,19,WRC,4/13/2015,,,4/23/2015,,,,6/2/2015,,,,0,8/17/2015,,,,,
NOVELLI,F,FENCE CTRL,20,WRC,4/13/2015,,,4/23/2015,,,,6/2/2015,,,,0,8/17/2015,,,,,
